Date,Open,High,Low,Close,Adj Close,Volume
2010-07-01,1.41,1.41,1.41,1.41,1.41,2200
2010-07-05,1.45,1.45,1.45,1.45,1.45,11000
2010-07-07,1.45,1.45,1.45,1.45,1.45,2130
2010-07-08,1.44,1.44,1.44,1.44,1.44,4000
2010-07-11,1.44,1.44,1.44,1.44,1.44,1000
2010-07-12,1.45,1.45,1.44,1.44,1.44,30030
2010-07-13,1.42,1.42,1.42,1.42,1.42,1500
2010-07-14,1.41,1.44,1.4,1.4,1.4,8070
2010-07-15,1.4,1.4,1.4,1.4,1.4,2500
2010-07-18,1.4,1.4,1.4,1.4,1.4,5000
2010-07-19,1.4,1.4,1.4,1.4,1.4,13793
2010-07-20,1.4,1.4,1.4,1.4,1.4,1000
2010-07-21,1.4,1.41,1.39,1.41,1.41,17702
2010-07-22,1.46,1.65,1.46,1.59,1.59,56178
2010-07-25,1.59,1.59,1.5,1.52,1.52,23932
2010-07-26,1.52,1.52,1.52,1.52,1.52,7000
2010-07-27,1.5,1.5,1.47,1.47,1.47,4248
2010-07-28,1.49,1.5,1.49,1.5,1.5,26020
2010-07-29,1.5,1.52,1.5,1.52,1.52,13500
2010-08-01,1.52,1.52,1.5,1.5,1.5,8000
2010-08-02,1.5,1.55,1.5,1.55,1.55,25380
2010-08-03,1.55,1.55,1.54,1.54,1.54,7608
2010-08-04,1.56,1.6,1.56,1.6,1.6,1500
2010-08-05,1.58,1.58,1.54,1.54,1.54,7192
2010-08-08,1.56,1.56,1.53,1.53,1.53,15055
2010-08-09,1.57,1.57,1.54,1.55,1.55,3300
2010-08-10,1.54,1.54,1.54,1.54,1.54,2500
2010-08-11,1.54,1.54,1.51,1.51,1.51,4203
2010-08-12,1.53,1.53,1.51,1.51,1.51,9137
2010-08-15,1.5,1.5,1.47,1.47,1.47,26200
2010-08-16,1.47,1.47,1.47,1.47,1.47,4000
2010-08-17,1.47,1.47,1.47,1.47,1.47,5615
2010-08-19,1.48,1.5,1.48,1.5,1.5,12200
2010-08-22,1.5,1.5,1.5,1.5,1.5,35964
2010-08-23,1.5,1.51,1.5,1.51,1.51,2859
2010-08-24,1.5,1.5,1.5,1.5,1.5,2300
2010-08-25,1.49,1.5,1.49,1.49,1.49,22730
2010-08-26,1.47,1.49,1.47,1.47,1.47,25731
2010-08-29,1.45,1.47,1.45,1.47,1.47,31954
2010-08-30,1.47,1.47,1.47,1.47,1.47,2840
2010-08-31,1.47,1.47,1.47,1.47,1.47,7132
2010-09-01,1.47,1.48,1.47,1.48,1.48,2219
2010-09-02,1.49,1.51,1.49,1.51,1.51,9959
2010-09-05,1.55,1.55,1.54,1.54,1.54,10991
2010-09-06,1.53,1.53,1.47,1.47,1.47,32299
2010-09-08,1.48,1.48,1.47,1.47,1.47,29205
2010-09-09,1.5,1.5,1.5,1.5,1.5,7000
2010-09-12,1.52,1.52,1.5,1.5,1.5,6295
2010-09-13,1.49,1.49,1.49,1.49,1.49,3800
2010-09-14,1.49,1.49,1.47,1.47,1.47,18755
2010-09-15,1.48,1.48,1.48,1.48,1.48,1955
2010-09-16,1.49,1.49,1.49,1.49,1.49,3545
2010-09-19,1.47,1.47,1.47,1.47,1.47,2000
2010-09-20,1.49,1.49,1.48,1.48,1.48,2700
2010-09-21,1.48,1.49,1.48,1.49,1.49,16418
2010-09-22,1.49,1.49,1.49,1.49,1.49,16680
2010-09-23,1.49,1.49,1.49,1.49,1.49,8200
2010-09-26,1.49,1.49,1.49,1.49,1.49,33452
2010-09-27,1.5,1.5,1.49,1.49,1.49,35544
2010-09-28,1.49,1.49,1.48,1.48,1.48,7304
2010-09-29,1.49,1.49,1.48,1.48,1.48,7304
2010-10-03,1.48,1.48,1.48,1.48,1.48,11620
2010-10-04,1.48,1.49,1.48,1.48,1.48,16216
2010-10-05,1.49,1.49,1.46,1.46,1.46,20664
2010-10-06,1.47,1.48,1.47,1.48,1.48,6740
2010-10-12,1.5,1.5,1.5,1.5,1.5,12111
2010-10-14,1.51,1.51,1.5,1.5,1.5,41000
2010-10-17,1.5,1.5,1.5,1.5,1.5,47395
2010-10-18,1.5,1.5,1.5,1.5,1.5,42635
2010-10-19,1.48,1.48,1.48,1.48,1.48,4125
2010-10-20,1.5,1.5,1.49,1.49,1.49,36500
2010-10-21,1.51,1.75,1.51,1.58,1.58,151091
2010-10-25,1.6,1.68,1.6,1.64,1.64,96128
2010-10-26,1.64,1.68,1.64,1.68,1.68,21066
2010-10-27,1.68,1.68,1.68,1.68,1.68,21702
2010-10-28,1.68,1.68,1.68,1.68,1.68,7246
2010-10-31,1.68,1.7,1.65,1.65,1.65,104000
2010-11-01,1.66,1.72,1.66,1.72,1.72,9100
2010-11-03,1.75,1.8,1.74,1.78,1.78,43290
2010-11-04,1.81,1.81,1.8,1.8,1.8,61500
2010-11-07,1.8,1.81,1.79,1.79,1.79,19340
2010-11-08,1.78,1.8,1.78,1.8,1.8,31270
2010-11-09,1.8,1.82,1.8,1.82,1.82,10465
2010-11-10,1.85,1.93,1.85,1.92,1.92,72149
2010-11-11,1.93,1.96,1.87,1.95,1.95,74618
2010-11-14,1.95,1.95,1.93,1.95,1.95,51100
2010-11-15,1.95,1.97,1.95,1.96,1.96,32977
2010-11-16,1.97,2.05,1.96,2.05,2.05,94000
2010-11-17,2.05,2.1,2.05,2.07,2.07,72755
2010-11-18,2.11,2.15,2.1,2.13,2.13,56660
2010-11-21,2.12,2.13,2.1,2.13,2.13,27700
2010-11-22,2.13,2.13,2.1,2.1,2.1,39400
2010-11-23,2.05,2.05,1.96,2,2,29542
2010-11-24,2.1,2.1,2.08,2.1,2.1,11900
2010-11-25,2.1,2.1,2.1,2.1,2.1,10597
2010-11-28,2.03,2.03,2,2,2,34800
2010-11-29,2,2,1.96,1.96,1.96,14673
2010-11-30,2,2.02,2,2.02,2.02,8652
2010-12-01,2,2.05,2,2.05,2.05,15422
2010-12-02,2.05,2.18,2.05,2.18,2.18,57929
2010-12-05,2.18,2.29,2.18,2.25,2.25,42050
2010-12-06,2.24,2.24,2.15,2.15,2.15,43885
2010-12-07,2.2,2.24,2.2,2.2,2.2,19271
2010-12-08,2.24,2.24,2.24,2.24,2.24,3735
2010-12-09,2.23,2.23,2.23,2.23,2.23,2000
2010-12-12,2.24,2.25,2.23,2.25,2.25,20964
2010-12-13,2.25,2.3,2.25,2.27,2.27,29415
2010-12-14,2.27,2.37,2.27,2.35,2.35,28510
2010-12-15,2.35,2.39,2.35,2.39,2.39,42528
2010-12-16,2.39,2.4,2.38,2.38,2.38,31740
2010-12-19,2.38,2.38,2.37,2.37,2.37,51950
2010-12-20,2.4,2.49,2.4,2.47,2.47,20789
2010-12-21,2.49,2.64,2.49,2.6,2.6,42503
2010-12-22,2.59,2.68,2.5,2.68,2.68,130473
2010-12-23,2.68,2.7,2.65,2.7,2.7,38318
2010-12-28,2.68,2.75,2.65,2.75,2.75,91370
2010-12-29,2.75,2.94,2.75,2.94,2.94,82523
2010-12-30,3,3.16,3,3,3,43826
2011-01-04,3.06,3.06,2.75,2.9,2.9,86070
2011-01-05,2.99,2.99,2.9,2.99,2.99,33580
2011-01-06,2.99,2.99,2.96,2.96,2.96,14912
2011-01-09,2.96,2.96,2.96,2.96,2.96,31737
2011-01-10,2.96,2.96,2.9,2.91,2.91,33366
2011-01-11,2.97,2.97,2.9,2.9,2.9,23775
2011-01-12,2.9,2.92,2.78,2.8,2.8,36611
2011-01-13,2.85,2.85,2.5,2.55,2.55,60139
2011-01-16,2.68,2.68,2.57,2.65,2.65,26167
2011-01-17,2.65,2.65,2.55,2.65,2.65,48314
2011-01-18,2.74,2.75,2.73,2.73,2.73,6279
2011-01-19,2.7,2.75,2.65,2.75,2.75,16935
2011-01-20,2.75,2.75,2.73,2.75,2.75,14500
2011-01-23,2.74,2.74,2.72,2.74,2.74,6086
2011-01-24,2.74,2.74,2.73,2.73,2.73,600
2011-01-25,2.74,2.74,2.72,2.73,2.73,18645
2011-01-26,2.71,2.73,2.7,2.7,2.7,6200
2011-01-27,2.71,2.71,2.7,2.7,2.7,11900
2011-01-30,2.7,2.7,2.7,2.7,2.7,30198
2011-01-31,2.7,2.7,2.66,2.66,2.66,17593
2011-02-01,2.67,2.67,2.65,2.67,2.67,17000
2011-02-02,2.67,2.7,2.67,2.67,2.67,7615
2011-02-03,2.67,2.7,2.67,2.69,2.69,6869
2011-02-06,2.68,2.68,2.65,2.66,2.66,15226
2011-02-07,2.65,2.65,2.65,2.65,2.65,11642
2011-02-08,2.62,2.62,2.55,2.59,2.59,27694
2011-02-09,2.59,2.65,2.59,2.65,2.65,27764
2011-02-10,2.66,2.66,2.6,2.6,2.6,17927
2011-02-13,2.65,2.65,2.65,2.65,2.65,41100
2011-02-14,2.65,2.65,2.64,2.64,2.64,27859
2011-02-15,2.64,2.65,2.64,2.64,2.64,25362
2011-02-16,2.65,2.65,2.63,2.63,2.63,17650
2011-02-17,2.63,2.63,2.63,2.63,2.63,10655
2011-02-20,2.65,2.65,2.65,2.65,2.65,3188
2011-02-21,2.65,2.65,2.63,2.64,2.64,12670
2011-02-22,2.63,2.63,2.54,2.54,2.54,24298
2011-02-23,2.63,2.63,2.54,2.54,2.54,7080
2011-02-24,2.54,2.62,2.54,2.56,2.56,19684
2011-02-27,2.58,2.62,2.52,2.62,2.62,17445
2011-02-28,2.61,2.61,2.6,2.6,2.6,3800
2011-03-01,2.57,2.58,2.54,2.54,2.54,13491
2011-03-02,2.52,2.52,2.52,2.52,2.52,400
2011-03-03,2.52,2.52,2.51,2.51,2.51,3665
2011-03-06,2.51,2.62,2.5,2.62,2.62,36780
2011-03-07,2.62,2.62,2.61,2.62,2.62,15070
2011-03-08,2.61,2.61,2.5,2.52,2.52,14775
2011-03-09,2.55,2.62,2.55,2.61,2.61,27500
2011-03-10,2.56,2.56,2.55,2.55,2.55,11971
2011-03-13,2.54,2.55,2.54,2.55,2.55,6624
2011-03-14,2.51,2.51,2.5,2.51,2.51,45308
2011-03-15,2.5,2.5,2.43,2.43,2.43,53690
2011-03-16,2.41,2.41,2.3,2.4,2.4,37380
2011-03-17,2.4,2.49,2.4,2.48,2.48,6400
2011-03-20,2.48,2.49,2.45,2.48,2.48,23600
2011-03-21,2.48,2.52,2.48,2.52,2.52,12411
2011-03-22,2.52,2.53,2.49,2.53,2.53,29496
2011-03-23,2.53,2.53,2.5,2.5,2.5,6678
2011-03-24,2.5,2.52,2.5,2.5,2.5,10517
2011-03-27,2.5,2.5,2.4,2.44,2.44,25900
2011-03-28,2.45,2.45,2.44,2.44,2.44,15149
2011-03-29,2.42,2.44,2.42,2.44,2.44,19269
2011-03-30,2.49,2.5,2.49,2.5,2.5,7975
2011-03-31,2.5,2.5,2.49,2.5,2.5,20915
2011-04-03,2.49,2.49,2.49,2.49,2.49,800
2011-04-04,2.49,2.5,2.49,2.49,2.49,19250
2011-04-05,2.48,2.49,2.46,2.49,2.49,22816
2011-04-06,2.49,2.5,2.49,2.5,2.5,14255
2011-04-07,2.5,2.5,2.49,2.5,2.5,35420
2011-04-10,2.5,2.5,2.49,2.49,2.49,10622
2011-04-11,2.5,2.5,2.48,2.5,2.5,26000
2011-04-14,2.5,2.53,2.5,2.53,2.53,10000
2011-04-17,2.51,2.51,2.48,2.48,2.48,7350
2011-04-19,2.49,2.5,2.49,2.5,2.5,11095
2011-04-20,2.5,2.5,2.49,2.5,2.5,23575
2011-04-25,2.5,2.51,2.5,2.51,2.51,2100
2011-04-26,2.52,2.56,2.52,2.56,2.56,32821
2011-04-27,2.56,2.56,2.5,2.5,2.5,17915
2011-04-28,2.51,2.55,2.51,2.55,2.55,12325
2011-05-01,2.5,2.52,2.5,2.52,2.52,11508
2011-05-02,2.49,2.49,2.48,2.48,2.48,13217
2011-05-03,2.49,2.5,2.49,2.49,2.49,21548
2011-05-04,2.48,2.48,2.48,2.48,2.48,12000
2011-05-05,2.49,2.49,2.47,2.47,2.47,6650
2011-05-08,2.47,2.47,2.45,2.45,2.45,20500
2011-05-09,2.45,2.49,2.45,2.49,2.49,31256
2011-05-10,2.5,2.52,2.5,2.52,2.52,30745
2011-05-11,2.5,2.5,2.49,2.49,2.49,13275
2011-05-12,2.5,2.5,2.48,2.48,2.48,12500
2011-05-15,2.45,2.48,2.45,2.48,2.48,1500
2011-05-16,2.48,2.48,2.48,2.48,2.48,24391
2011-05-17,2.47,2.48,2.47,2.47,2.47,3850
2011-05-18,2.47,2.48,2.47,2.48,2.48,7810
2011-05-19,2.5,2.52,2.5,2.5,2.5,46547
2011-05-22,2.51,2.51,2.49,2.5,2.5,52290
2011-05-23,2.51,2.51,2.49,2.49,2.49,9399
2011-05-24,2.49,2.49,2.49,2.49,2.49,108
2011-05-25,2.49,2.5,2.48,2.5,2.5,19800
2011-05-26,2.5,2.5,2.47,2.47,2.47,3300
2011-05-29,2.47,2.47,2.45,2.45,2.45,18960
2011-05-30,2.47,2.47,2.4,2.4,2.4,10900
2011-05-31,2.43,2.47,2.42,2.47,2.47,5015
2011-06-01,2.47,2.47,2.4,2.41,2.41,11435
2011-06-02,2.4,2.41,2.4,2.41,2.41,12089
2011-06-06,2.4,2.4,2.4,2.4,2.4,14740
2011-06-07,2.4,2.4,2.39,2.39,2.39,20648
2011-06-08,2.38,2.38,2.35,2.35,2.35,8500
2011-06-09,2.35,2.35,2.3,2.35,2.35,7600
2011-06-12,2.26,2.26,2.2,2.2,2.2,8072
2011-06-13,2.2,2.25,2.2,2.22,2.22,16550
2011-06-14,2.21,2.21,2.2,2.21,2.21,6000
2011-06-15,2.2,2.2,2.18,2.2,2.2,19355
2011-06-16,2.2,2.25,2.2,2.25,2.25,17500
2011-06-20,2.21,2.25,2.16,2.16,2.16,35650
2011-06-21,2.2,2.2,2.16,2.2,2.2,9689
2011-06-22,2.2,2.2,2.18,2.18,2.18,10314
2011-06-23,2.2,2.2,2.2,2.2,2.2,23196
2011-06-26,2.2,2.2,2.17,2.2,2.2,9378
2011-06-27,2.21,2.21,2.17,2.17,2.17,32650
2011-06-28,2.2,2.2,2.2,2.2,2.2,12000
2011-06-29,2.17,2.17,2.16,2.16,2.16,6210
2011-06-30,2.16,2.2,2.16,2.2,2.2,20252
2011-07-03,2.2,2.2,2.19,2.19,2.19,1935
2011-07-04,2.17,2.17,2.04,2.04,2.04,25387
2011-07-05,2.07,2.1,2.06,2.1,2.1,71612
2011-07-06,2.12,2.12,2.1,2.1,2.1,68500
2011-07-07,2.1,2.1,2.1,2.1,2.1,106883
2011-07-10,2.1,2.1,2.1,2.1,2.1,27866
2011-07-11,2.1,2.1,2.1,2.1,2.1,4450
2011-07-12,2.1,2.1,2.1,2.1,2.1,27425
2011-07-13,2.1,2.1,2.09,2.1,2.1,9222
2011-07-14,2.1,2.15,2.1,2.15,2.15,37480
2011-07-17,2.12,2.12,2.12,2.12,2.12,3000
2011-07-18,2.13,2.13,2.13,2.13,2.13,23015
2011-07-19,2.13,2.15,2.12,2.15,2.15,22237
2011-07-20,2.2,2.24,2.2,2.24,2.24,36569
2011-07-21,2.25,2.49,2.25,2.43,2.43,75228
2011-07-24,2.45,2.45,2.4,2.42,2.42,33150
2011-07-25,2.45,2.49,2.45,2.48,2.48,54972
2011-07-26,2.48,2.5,2.46,2.5,2.5,31516
2011-07-27,2.48,2.48,2.45,2.45,2.45,10742
2011-07-28,2.45,2.48,2.45,2.46,2.46,28070
2011-07-31,2.46,2.5,2.46,2.5,2.5,50138
2011-08-01,2.5,2.5,2.48,2.5,2.5,21975
2011-08-02,2.5,2.5,2.48,2.48,2.48,13508
2011-08-03,2.5,2.55,2.5,2.55,2.55,64435
2011-08-04,2.42,2.42,2.27,2.29,2.29,86006
2011-08-07,2.29,2.35,2.22,2.35,2.35,41159
2011-08-08,2.32,2.34,2.25,2.34,2.34,46455
2011-08-09,2.4,2.45,2.4,2.4,2.4,34197
2011-08-10,2.39,2.44,2.32,2.32,2.32,16500
2011-08-11,2.38,2.49,2.38,2.4,2.4,11812
2011-08-14,2.4,2.5,2.4,2.5,2.5,15675
2011-08-15,2.55,2.55,2.5,2.5,2.5,11852
2011-08-16,2.5,2.55,2.43,2.55,2.55,20635
2011-08-17,2.51,2.51,2.51,2.51,2.51,36681
2011-08-18,2.51,2.51,2.46,2.5,2.5,19619
2011-08-21,2.55,2.55,2.54,2.55,2.55,15200
2011-08-22,2.55,2.57,2.55,2.57,2.57,65924
2011-08-24,2.54,2.65,2.54,2.65,2.65,5561
2011-08-25,2.65,2.8,2.65,2.75,2.75,20629
2011-08-28,2.74,2.74,2.66,2.68,2.68,10022
2011-08-29,2.72,2.77,2.72,2.72,2.72,29600
2011-08-30,2.77,2.77,2.72,2.74,2.74,14242
2011-08-31,2.8,2.8,2.68,2.72,2.72,57677
2011-09-01,2.68,2.68,2.68,2.68,2.68,6290
2011-09-04,2.68,2.68,2.6,2.6,2.6,28280
2011-09-05,2.6,2.65,2.6,2.65,2.65,5156
2011-09-07,2.7,2.77,2.7,2.77,2.77,7418
2011-09-08,2.77,2.95,2.77,2.85,2.85,72135
2011-09-11,2.9,2.9,2.77,2.77,2.77,11760
2011-09-12,2.78,2.78,2.65,2.65,2.65,20850
2011-09-13,2.7,2.7,2.7,2.7,2.7,2500
2011-09-14,2.7,2.7,2.7,2.7,2.7,8055
2011-09-18,2.72,2.88,2.72,2.75,2.75,19550
2011-09-19,2.75,2.76,2.75,2.76,2.76,11850
2011-09-20,2.8,2.8,2.78,2.78,2.78,17520
2011-09-21,2.8,2.8,2.75,2.75,2.75,8210
2011-09-22,2.8,2.8,2.75,2.75,2.75,8210
2011-09-25,2.75,2.75,2.68,2.68,2.68,23500
2011-09-26,2.68,2.68,2.64,2.68,2.68,28429
2011-09-28,2.7,2.7,2.7,2.7,2.7,4370
2011-10-03,2.67,2.7,2.65,2.7,2.7,8404
2011-10-04,2.7,2.72,2.7,2.72,2.72,28439
2011-10-05,2.73,2.74,2.73,2.74,2.74,3165
2011-10-06,2.76,2.76,2.74,2.74,2.74,6000
2011-10-09,2.76,2.76,2.7,2.7,2.7,70161
2011-10-10,2.69,2.69,2.69,2.69,2.69,8639
2011-10-11,2.75,2.75,2.75,2.75,2.75,10843
2011-10-12,2.73,2.73,2.7,2.7,2.7,4000
2011-10-13,2.7,2.7,2.66,2.66,2.66,3086
2011-10-16,2.66,2.67,2.65,2.65,2.65,8297
2011-10-17,2.66,2.67,2.65,2.65,2.65,12830
2011-10-18,2.67,2.67,2.65,2.65,2.65,3195
2011-10-19,2.65,2.65,2.65,2.65,2.65,630
2011-10-20,2.7,2.7,2.7,2.7,2.7,700
2011-10-24,2.72,2.8,2.72,2.8,2.8,41381
2011-10-25,2.82,2.82,2.81,2.81,2.81,890
2011-10-26,2.8,2.8,2.8,2.8,2.8,2000
2011-10-27,2.8,2.82,2.8,2.82,2.82,10200
2011-10-30,2.77,2.9,2.77,2.9,2.9,38493
2011-10-31,2.9,2.95,2.9,2.85,2.85,12707
2011-11-01,2.86,2.88,2.85,2.88,2.88,37250
2011-11-02,2.85,2.88,2.85,2.85,2.85,17437
2011-11-03,2.8,2.8,2.8,2.8,2.8,396
2011-11-06,2.81,2.9,2.8,2.88,2.88,62162
2011-11-07,2.9,2.9,2.87,2.88,2.88,16194
2011-11-08,2.88,2.88,2.8,2.8,2.8,28525
2011-11-09,2.85,2.85,2.8,2.8,2.8,15870
2011-11-10,2.8,2.8,2.78,2.78,2.78,2930
2011-11-13,2.75,2.8,2.75,2.8,2.8,6300
2011-11-14,2.78,2.8,2.78,2.8,2.8,11000
2011-11-15,2.8,2.8,2.8,2.8,2.8,4900
2011-11-16,2.8,2.8,2.8,2.8,2.8,11081
2011-11-17,2.9,2.95,2.8,2.8,2.8,17755
2011-11-20,2.81,2.85,2.75,2.85,2.85,54650
2011-11-21,2.8,2.8,2.8,2.8,2.8,18900
2011-11-22,2.8,2.9,2.8,2.9,2.9,8452
2011-11-23,2.87,2.87,2.8,2.8,2.8,14143
2011-11-24,2.75,2.78,2.75,2.75,2.75,41480
2011-11-27,2.74,2.75,2.74,2.75,2.75,34311
2011-11-28,2.75,2.8,2.75,2.8,2.8,30341
2011-11-29,2.8,2.8,2.75,2.75,2.75,21704
2011-11-30,2.75,2.8,2.7,2.7,2.7,11612
2011-12-01,2.71,2.79,2.7,2.79,2.79,7727
2011-12-04,2.79,2.79,2.79,2.79,2.79,0
2011-12-05,2.73,2.73,2.73,2.73,2.73,9610
2011-12-06,2.72,2.72,2.65,2.65,2.65,10318
2011-12-07,2.65,2.65,2.55,2.55,2.55,23901
2011-12-08,2.55,2.67,2.5,2.67,2.67,29123
2011-12-11,2.69,2.69,2.69,2.69,2.69,1000
2011-12-12,2.65,2.65,2.65,2.65,2.65,5100
2011-12-13,2.64,2.75,2.64,2.75,2.75,23739
2011-12-14,2.65,2.65,2.65,2.65,2.65,1000
2011-12-15,2.7,2.77,2.7,2.74,2.74,10000
2011-12-18,2.74,2.75,2.71,2.75,2.75,9404
2011-12-19,2.72,2.72,2.72,2.72,2.72,6000
2011-12-20,2.75,2.75,2.72,2.72,2.72,10250
2011-12-21,2.74,2.74,2.72,2.72,2.72,10446
2011-12-22,2.71,2.72,2.71,2.72,2.72,4241
2011-12-27,2.71,2.8,2.71,2.79,2.79,19741
2011-12-28,2.79,2.79,2.75,2.76,2.76,12000
2011-12-29,2.76,2.76,2.76,2.76,2.76,0
2012-01-02,2.76,2.76,2.76,2.76,2.76,0
2012-01-03,2.78,2.8,2.78,2.8,2.8,5842
2012-01-04,2.8,2.8,2.8,2.8,2.8,6956
2012-01-05,2.8,2.8,2.8,2.8,2.8,5502
2012-01-08,2.78,2.78,2.7,2.7,2.7,23960
2012-01-09,2.69,2.69,2.65,2.65,2.65,15200
2012-01-10,2.65,2.68,2.65,2.68,2.68,5502
2012-01-11,2.68,2.68,2.68,2.68,2.68,0
2012-01-12,2.68,2.68,2.68,2.68,2.68,0
2012-01-15,2.66,2.66,2.65,2.65,2.65,14045
2012-01-16,2.62,2.62,2.6,2.6,2.6,6500
2012-01-17,2.6,2.65,2.6,2.6,2.6,15830
2012-01-18,2.59,2.6,2.58,2.6,2.6,10595
2012-01-19,2.58,2.58,2.54,2.54,2.54,14900
2012-01-22,2.55,2.55,2.5,2.5,2.5,13323
2012-01-23,2.5,2.5,2.41,2.41,2.41,5000
2012-01-24,2.45,2.55,2.45,2.55,2.55,46604
2012-01-25,2.54,2.89,2.54,2.89,2.89,131855
2012-01-26,2.9,2.9,2.8,2.9,2.9,183854
2012-01-29,2.9,2.91,2.9,2.9,2.9,35867
2012-01-30,2.91,2.92,2.91,2.91,2.91,26904
2012-01-31,2.91,2.94,2.9,2.94,2.94,23821
2012-02-01,2.94,3.05,2.91,3.02,3.02,166409
2012-02-02,3,3.05,3,3.03,3.03,99354
2012-02-06,3.03,3.04,3,3.03,3.03,116727
2012-02-07,3.03,3.05,3.01,3.01,3.01,58060
2012-02-08,3,3.03,3,3.03,3.03,599905
2012-02-09,3.02,3.03,3,3.03,3.03,32325
2012-02-12,3.03,3.03,3,3.02,3.02,73996
2012-02-13,3,3.05,2.99,3.02,3.02,87235
2012-02-14,3.02,3.05,3.02,3.03,3.03,73612
2012-02-15,3.03,3.05,3.03,3.05,3.05,66675
2012-02-16,3.05,3.11,3.03,3.1,3.1,66000
2012-02-19,3.08,3.09,3.03,3.08,3.08,63556
2012-02-20,3.08,3.08,3.05,3.06,3.06,75500
2012-02-21,3.03,3.11,3.03,3.11,3.11,90209
2012-02-22,3.11,3.12,3.1,3.12,3.12,94883
2012-02-23,3.12,3.15,3.1,3.15,3.15,50412
2012-02-26,3.12,3.12,3.1,3.1,3.1,27700
2012-02-27,3.05,3.12,3.05,3.1,3.1,81370
2012-02-28,3.1,3.12,3.1,3.11,3.11,102045
2012-02-29,3.12,3.12,3.05,3.05,3.05,24566
2012-03-01,3.06,3.08,3.05,3.05,3.05,23580
2012-03-04,3.06,3.14,3.06,3.14,3.14,47663
2012-03-05,3.1,3.1,3.07,3.1,3.1,19350
2012-03-06,3.05,3.05,3.05,3.05,3.05,0
2012-03-07,3.13,3.14,3.1,3.12,3.12,10471
2012-03-08,3.15,3.15,3.1,3.11,3.11,13354
2012-03-11,3.12,3.15,3.12,3.12,3.12,24552
2012-03-12,3.14,3.15,3.12,3.12,3.12,30310
2012-03-13,3.07,3.15,3.07,3.15,3.15,192308
2012-03-14,3.11,3.2,3.11,3.2,3.2,80595
2012-03-15,3.2,3.4,3.2,3.31,3.31,83734
2012-03-18,3.27,3.31,3.21,3.31,3.31,62253
2012-03-19,3.22,3.34,3.22,3.3,3.3,27003
2012-03-20,3.3,3.35,3.3,3.35,3.35,20455
2012-03-21,3.37,3.5,3.37,3.48,3.48,65027
2012-03-22,3.5,3.66,3.5,3.63,3.63,111642
2012-03-25,3.61,3.63,3.55,3.58,3.58,35119
2012-03-26,3.59,3.78,3.58,3.75,3.75,206378
2012-03-27,3.75,3.99,3.75,3.9,3.9,166463
2012-03-28,3.88,3.95,3.85,3.95,3.95,65293
2012-03-29,3.96,4.05,3.96,4.02,4.02,142089
2012-04-01,4,4,3.75,3.84,3.84,97015
2012-04-02,3.92,4.04,3.92,4,4,98285
2012-04-03,4,4,3.93,3.94,3.94,121290
2012-04-04,3.963,3.94,3.7,3.8,3.8,261860
2012-04-09,3.94,3.94,3.75,3.9,3.9,27295
2012-04-10,3.8,3.9,3.8,3.9,3.9,111570
2012-04-11,3.89,3.9,3.87,3.88,3.88,7649
2012-04-12,3.87,3.89,3.85,3.89,3.89,20340
2012-04-15,3.88,3.88,3.8,3.8,3.8,23175
2012-04-16,3.8,3.8,3.75,3.75,3.75,43772
2012-04-17,3.75,3.8,3.75,3.78,3.78,91370
2012-04-18,3.8,3.85,3.79,3.85,3.85,109622
2012-04-19,3.89,3.9,3.89,3.9,3.9,22504
2012-04-22,3.92,3.92,3.9,3.9,3.9,12295
2012-04-23,3.9,3.9,3.9,3.9,3.9,13250
2012-04-25,3.9,4.04,3.9,4.03,4.03,95803
2012-04-26,4.03,4.04,4,4,4,15538
2012-04-29,3.95,4.04,3.95,4.04,4.04,20744
2012-04-30,4.05,4.3,4.05,4.18,4.18,16552
2012-05-01,4.3,4.5,4.3,4.35,4.35,28834
2012-05-02,4.4,4.4,4.35,4.37,4.37,15505
2012-05-03,4.37,4.44,4.36,4.42,4.42,27868
2012-05-06,4.42,4.42,4.25,4.25,4.25,60642
2012-05-07,4.18,4.19,4.07,4.1,4.1,58636
2012-05-08,4.09,4.1,4.05,4.07,4.07,36418
2012-05-09,4.07,4.2,4.05,4.1,4.1,9598
2012-05-10,4.15,4.15,4.08,4.12,4.12,22305
2012-05-13,4.19,4.37,4.18,4.34,4.34,27680
2012-05-14,4.34,4.4,4.34,4.35,4.35,17885
2012-05-15,4.35,4.35,4.25,4.3,4.3,17840
2012-05-16,4.25,4.3,4.25,4.29,4.29,7852
2012-05-17,4.25,4.3,4.25,4.3,4.3,21550
2012-05-20,4.28,4.4,4.28,4.3,4.3,28120
2012-05-21,4.31,4.31,4.2,4.25,4.25,56169
2012-05-22,4.27,4.27,4.25,4.25,4.25,13402
2012-05-23,4.25,4.25,4.2,4.2,4.2,29869
2012-05-24,4.2,4.2,4,4,4,21351
2012-05-27,4,4.15,3.9,4.15,4.15,42158
2012-05-28,4.15,4.19,4.15,4.19,4.19,18727
2012-05-29,4.19,4.19,4.12,4.19,4.19,11110
2012-05-30,4.1,4.1,4.1,4.1,4.1,11455
2012-05-31,4.1,4.15,4.1,4.1,4.1,30664
2012-06-04,4.1,4.1,4,4.08,4.08,52537
2012-06-05,4.07,4.1,4.07,4.1,4.1,24966
2012-06-06,4.2,4.3,4.2,4.3,4.3,81388
2012-06-07,4.33,4.49,4.33,4.49,4.49,65071
2012-06-10,4.48,4.48,4.35,4.35,4.35,45005
2012-06-11,4.43,4.5,4.36,4.5,4.5,46248
2012-06-12,4.48,4.65,4.48,4.65,4.65,287647
2012-06-13,4.65,4.68,4.62,4.67,4.67,245053
2012-06-14,4.66,4.9,4.66,4.78,4.78,1525992
2012-06-17,4.76,4.76,4.68,4.73,4.73,153366
2012-06-18,4.7,4.89,4.7,4.89,4.89,131356
2012-06-19,4.85,4.89,4.81,4.81,4.81,206895
2012-06-20,4.8,4.84,4.79,4.8,4.8,49389
2012-06-21,4.8,4.8,4.75,4.76,4.76,42825
2012-06-24,4.77,4.82,4.77,4.77,4.77,5400
2012-06-25,4.85,4.85,4.8,4.85,4.85,13655
2012-06-26,4.85,4.95,4.85,4.95,4.95,26384
2012-06-27,4.95,5,4.95,4.98,4.98,94810
2012-06-28,4.97,5,4.97,5,5,91584
2012-07-01,5,5,4.9,5,5,175593
2012-07-02,4.95,4.95,4.92,4.95,4.95,23945
2012-07-03,4.95,5,4.95,5,5,22728
2012-07-04,5,5,5,5,5,56747
2012-07-05,5,5.08,5,5,5,26647
2012-07-08,5,5.1,5,5.1,5.1,24525
2012-07-09,5.1,5.1,5.01,5.1,5.1,3475
2012-07-10,5.06,5.06,5.05,5.06,5.06,20300
2012-07-11,5.05,5.06,5.04,5.05,5.05,28005
2012-07-12,5.04,5.2,5.04,5.2,5.2,39913
2012-07-15,5.2,5.25,5.18,5.25,5.25,26000
2012-07-16,5.32,5.8,5.32,5.7,5.7,53184
2012-07-17,5.7,5.75,5.5,5.55,5.55,212052
2012-07-18,5.62,5.62,5.4,5.4,5.4,153060
2012-07-19,5.37,5.65,5.37,5.52,5.52,55048
2012-07-22,5.7,5.7,5.5,5.5,5.5,172451
2012-07-23,5.42,5.45,5.2,5.2,5.2,76193
2012-07-24,5.15,5.15,4.85,4.95,4.95,132184
2012-07-25,4.99,5.2,4.9,5.2,5.2,77269
2012-07-26,5.25,5.45,5.25,5.37,5.37,76884
2012-07-29,5.4,5.45,5.34,5.35,5.35,62788
2012-07-30,5.31,5.34,5.25,5.34,5.34,63864
2012-07-31,5.3,5.33,5.25,5.25,5.25,13519
2012-08-01,5.3,5.34,5.3,5.31,5.31,21387
2012-08-02,5.31,5.35,5.3,5.31,5.31,32629
2012-08-05,5.31,5.36,5.3,5.31,5.31,36627
2012-08-06,5.35,5.35,5.31,5.31,5.31,38767
2012-08-07,5.34,5.34,5.3,5.3,5.3,7607
2012-08-08,5.29,5.29,5.16,5.2,5.2,23534
2012-08-09,5.2,5.21,5.2,5.21,5.21,10950
2012-08-12,5.21,5.21,5.1,5.1,5.1,40750
2012-08-13,5.06,5.1,5.05,5.1,5.1,11995
2012-08-14,5.1,5.21,5.1,5.21,5.21,42624
2012-08-15,5.18,5.18,5.1,5.1,5.1,19450
2012-08-16,5.09,5.1,5.08,5.08,5.08,4541
2012-08-19,5.1,5.1,5.05,5.08,5.08,26812
2012-08-20,5.05,5.05,5,5.01,5.01,50911
2012-08-21,5.01,5.01,4.8,4.87,4.87,42469
2012-08-22,4.88,4.97,4.5,4.85,4.85,86812
2012-08-23,4.85,4.85,4.6,4.71,4.71,67985
2012-08-26,4.7,4.7,4.32,4.43,4.43,192284
2012-08-27,4.4,4.4,4.29,4.32,4.32,96290
2012-08-28,4.3,4.4,4.3,4.36,4.36,122296
2012-08-29,4.35,4.45,4.35,4.45,4.45,102620
2012-08-30,4.51,4.79,4.51,4.79,4.79,42703
2012-09-02,4.86,5.05,4.86,4.95,4.95,63665
2012-09-03,5,5.04,5,5,5,18950
2012-09-04,4.95,4.95,4.92,4.92,4.92,8499
2012-09-05,4.92,4.99,4.92,4.99,4.99,5962
2012-09-06,4.99,5,4.99,4.99,4.99,16211
2012-09-09,4.99,4.99,4.92,4.92,4.92,35754
2012-09-10,4.88,4.88,4.82,4.86,4.86,59295
2012-09-11,4.88,4.88,4.88,4.88,4.88,3680
2012-09-12,4.9,4.96,4.9,4.93,4.93,9650
2012-09-13,4.93,4.99,4.93,4.95,4.95,17650
2012-09-16,4.93,4.93,4.91,4.91,4.91,21673
2012-09-17,4.91,4.93,4.9,4.9,4.9,20892
2012-09-18,4.9,4.92,4.9,4.91,4.91,123205
2012-09-19,4.92,4.99,4.92,4.98,4.98,16492
2012-09-20,4.97,5.1,4.97,5.1,5.1,69477
2012-09-23,5,5.09,5,5.05,5.05,20852
2012-09-24,5,5,4.97,4.97,4.97,48300
2012-09-25,5,5.01,4.98,5.01,5.01,5782
2012-09-26,5.05,5.09,5,5,5,27289
2012-09-27,5.1,5.2,5.1,5.2,5.2,23831
2012-09-30,5.15,5.2,5.1,5.2,5.2,45589
2012-10-01,5.25,5.7,5.25,5.4,5.4,55925
2012-10-02,5.35,5.4,5.32,5.32,5.32,39563
2012-10-03,5.33,5.33,5.3,5.32,5.32,9558
2012-10-04,5.32,5.39,5.32,5.35,5.35,20272
2012-10-07,5.36,5.4,5.35,5.35,5.35,13931
2012-10-08,5.36,5.38,5.35,5.38,5.38,89005
2012-10-09,5.33,5.34,5.32,5.33,5.33,21430
2012-10-10,5.34,5.34,5.3,5.3,5.3,21342
2012-10-11,5.34,5.35,5.34,5.35,5.35,28008
2012-10-14,5.34,5.35,5.34,5.34,5.34,9907
2012-10-15,5.34,5.35,5.34,5.35,5.35,9786
2012-10-16,5.3,5.39,5.3,5.39,5.39,9171
2012-10-17,5.39,5.4,5.33,5.4,5.4,13057
2012-10-18,5.42,5.42,5.33,5.33,5.33,8587
2012-10-22,5.33,5.45,5.31,5.38,5.38,10712
2012-10-23,5.4,5.45,5.35,5.45,5.45,8690
2012-10-24,5.45,5.5,5.45,5.49,5.49,33738
2012-10-25,5.5,5.62,5.49,5.6,5.6,44477
2012-10-28,5.63,5.65,5.55,5.55,5.55,31322
2012-10-29,5.55,5.55,5.48,5.48,5.48,22928
2012-10-30,5.45,5.45,5.38,5.45,5.45,10003
2012-10-31,5.4,5.45,5.4,5.45,5.45,7481
2012-11-01,5.45,5.5,5.41,5.5,5.5,8479
2012-11-04,5.45,5.45,5.4,5.4,5.4,19400
2012-11-05,5.45,5.45,5.45,5.45,5.45,5846
2012-11-06,5.45,5.45,5.42,5.45,5.45,18356
2012-11-07,5.45,5.8,5.45,5.8,5.8,50191
2012-11-08,5.75,5.8,5.6,5.8,5.8,63455
2012-11-11,5.85,6.32,5.81,6.3,6.3,169679
2012-11-12,6.29,6.48,6.2,6.36,6.36,153199
2012-11-13,6.27,6.3,6.2,6.24,6.24,97786
2012-11-14,6.2,6.2,5.94,5.95,5.95,79372
2012-11-15,5.95,5.95,5.82,5.85,5.85,99647
2012-11-18,5.8,6,5.8,5.99,5.99,47628
2012-11-19,5.97,6.16,5.9,6.1,6.1,32196
2012-11-20,6.17,6.36,6.17,6.35,6.35,49890
2012-11-21,6.39,6.39,6.35,6.35,6.35,30249
2012-11-22,6.37,6.48,6.37,6.44,6.44,72647
2012-11-25,6.44,6.49,6.4,6.44,6.44,55180
2012-11-26,6.43,6.49,6.4,6.43,6.43,53222
2012-11-27,6.43,6.43,6.3,6.39,6.39,42505
2012-11-28,6.39,6.44,6.38,6.44,6.44,33176
2012-11-29,6.45,6.89,6.44,6.88,6.88,79568
2012-12-02,6.95,7.75,6.95,7.7,7.7,199578
2012-12-03,7.65,7.65,7,7,7,171871
2012-12-04,6.98,7.2,6.91,7.2,7.2,112056
2012-12-05,7.19,7.6,7.12,7.6,7.6,139729
2012-12-06,7.65,7.75,7.5,7.53,7.53,112577
2012-12-09,7.5,7.55,7.4,7.51,7.51,73119
2012-12-10,7.55,7.55,7.51,7.51,7.51,72386
2012-12-11,7.5,7.5,7.42,7.45,7.45,167085
2012-12-12,7.45,7.6,7.45,7.6,7.6,47557
2012-12-13,7.6,7.6,7.5,7.6,7.6,35415
2012-12-16,7.55,7.68,7.55,7.65,7.65,43474
2012-12-17,7.67,7.75,7.63,7.7,7.7,65158
2012-12-18,7.72,7.75,7.7,7.7,7.7,38789
2012-12-19,7.71,7.73,7.6,7.6,7.6,1060811
2012-12-20,7.58,7.7,7.5,7.7,7.7,236209
2012-12-23,7.5,7.6,7.5,7.6,7.6,25287
2012-12-26,7.5,7.6,7.5,7.6,7.6,31827
2012-12-27,7.59,7.65,7.55,7.6,7.6,13672
2012-12-30,7.6,7.6,7.6,7.6,7.6,3698
2013-01-02,7.6,7.6,7.45,7.48,7.48,24020
2013-01-03,7.48,7.48,7.32,7.4,7.4,24429
2013-01-06,7.42,7.47,7.4,7.47,7.47,31298
2013-01-07,7.47,7.48,7.42,7.48,7.48,17911
2013-01-08,7.48,7.5,7.47,7.47,7.47,21335
2013-01-09,7.47,7.47,7.34,7.4,7.4,16481
2013-01-10,7.35,7.35,7.22,7.22,7.22,27695
2013-01-13,7.05,7.1,6.9,7.1,7.1,80379
2013-01-14,7.05,7.25,6.98,7.2,7.2,37820
2013-01-15,7.24,7.36,7.24,7.3,7.3,19616
2013-01-16,7.33,7.46,7.33,7.4,7.4,74939
2013-01-17,7.4,7.47,7.35,7.35,7.35,99896
2013-01-20,7.36,7.4,7.36,7.4,7.4,52720
2013-01-21,7.4,7.42,7.4,7.4,7.4,43842
2013-01-22,7.4,7.45,7.36,7.45,7.45,55112
2013-01-23,7.4,7.4,7.3,7.4,7.4,16057
2013-01-24,7.4,7.4,7.3,7.32,7.32,22146
2013-01-27,7.35,7.35,7.3,7.3,7.3,7904
2013-01-28,7.3,7.32,7.25,7.25,7.25,18210
2013-01-29,7.28,7.3,7.25,7.3,7.3,25752
2013-01-30,7.25,7.27,7.24,7.27,7.27,45453
2013-01-31,7.27,7.27,7.17,7.17,7.17,16952
2013-02-03,7.2,7.2,7.07,7.1,7.1,23013
2013-02-04,7.1,7.1,7.03,7.03,7.03,48872
2013-02-06,6.99,6.99,6.79,6.84,6.84,124380
2013-02-07,6.96,6.99,6.96,6.98,6.98,168478
2013-02-10,6.98,7,6.96,7,7,78715
2013-02-11,7.02,7.1,7.02,7.1,7.1,28068
2013-02-12,7.1,7.19,7.1,7.1,7.1,10478
2013-02-13,7.2,7.25,7.15,7.25,7.25,27179
2013-02-14,7.23,7.25,7.22,7.25,7.25,21415
2013-02-17,7.27,7.35,7.22,7.3,7.3,59730
2013-02-18,7.32,7.35,7.32,7.35,7.35,7590
2013-02-19,7.35,7.5,7.35,7.5,7.5,88442
2013-02-20,7.58,7.6,7.55,7.59,7.59,29224
2013-02-21,7.59,7.6,7.55,7.59,7.59,68828
2013-02-24,7.6,7.64,7.55,7.57,7.57,42626
2013-02-25,7.6,7.6,7.57,7.57,7.57,5505
2013-02-26,7.58,7.68,7.58,7.64,7.64,51701
2013-02-27,7.64,7.75,7.64,7.65,7.65,56886
2013-02-28,7.65,7.9,7.65,7.9,7.9,36171
2013-03-03,7.84,8.05,7.84,8,8,87209
2013-03-04,8,8.05,8,8,8,61170
2013-03-05,8,8.15,8,8.14,8.14,37443
2013-03-06,8.27,8.6,8.27,8.59,8.59,241823
2013-03-07,8.6,9.1,8.55,9.1,9.1,200433
2013-03-10,9.11,9.6,9.11,9.5,9.5,333370
2013-03-11,9.56,9.58,9.35,9.49,9.49,129371
2013-03-12,9.45,9.58,9.45,9.55,9.55,111143
2013-03-13,9.62,10,9.62,10,10,167913
2013-03-14,10.25,10.8,10.25,10.7,10.7,580921
2013-03-17,10.62,10.65,10.25,10.45,10.45,220233
2013-03-18,10.45,10.65,10.4,10.65,10.65,188841
2013-03-20,10.81,12,10.81,11.15,11.15,281748
2013-03-21,11.12,11.33,11,11.23,11.23,166619
2013-03-24,11.23,11.23,10.88,10.88,10.88,69922
2013-03-25,10.88,10.99,10.8,10.9,10.9,69472
2013-03-26,10.92,11.25,10.92,11.25,11.25,59352
2013-03-27,11.2,11.2,11.02,11.02,11.02,27480
2013-03-28,11.02,11.02,11.02,11.02,11.02,0
2013-04-01,11.02,11.45,11.02,11.3,11.3,40862
2013-04-02,11.3,11.4,11.26,11.36,11.36,60464
2013-04-03,11.3,11.35,11.3,11.32,11.32,70325
2013-04-04,11.2,11.28,11.15,11.15,11.15,49750
2013-04-07,11.15,11.19,11.05,11.1,11.1,152664
2013-04-09,11.1,11.14,11,11.14,11.14,1606872
2013-04-10,11.19,11.2,11.19,11.2,11.2,31114
2013-04-11,11.21,11.35,11.21,11.3,11.3,59030
2013-04-14,11.31,11.72,11.31,11.72,11.72,130594
2013-04-15,11.8,11.84,11.71,11.75,11.75,157810
2013-04-16,11.8,11.91,11.8,11.9,11.9,224292
2013-04-17,11.89,12,11.85,11.9,11.9,119554
2013-04-18,11.9,12,11.83,11.98,11.98,206189
2013-04-21,12,12.16,11.99,12.16,12.16,110573
2013-04-22,12.1,12.35,12.1,12.35,12.35,53328
2013-04-23,12.35,13.2,12.35,13,13,107403
2013-04-25,13,13.9,13,13.8,13.8,79510
2013-04-28,14,14.15,13.84,14.04,14.04,169289
2013-04-29,14.22,15,14.15,14.9,14.9,215175
2013-04-30,14.95,14.95,13,13.3,13.3,208410
2013-05-01,12.98,12.98,11.5,12.5,12.5,433912
2013-05-02,12.25,13.4,12.09,13.2,13.2,103658
2013-05-05,13.4,13.95,13.26,13.5,13.5,77623
2013-05-06,13.5,13.5,13,13,13,25807
2013-05-07,13,13.73,13,13.35,13.35,57854
2013-05-08,13.4,13.49,13.2,13.4,13.4,20414
2013-05-09,13.45,13.75,13.45,13.75,13.75,63670
2013-05-12,13.8,13.8,13.6,13.8,13.8,18873
2013-05-13,13.72,13.72,13.31,13.4,13.4,56167
2013-05-14,13.47,13.7,13.38,13.45,13.45,108681
2013-05-15,13.5,13.6,13.4,13.45,13.45,51761
2013-05-16,13.3,13.59,13.3,13.58,13.58,37371
2013-05-19,13.7,13.95,13.6,13.87,13.87,83884
2013-05-20,13.8,13.8,13.5,13.8,13.8,65330
2013-05-21,13.8,13.86,13.8,13.8,13.8,45756
2013-05-22,13.83,13.97,13.83,13.84,13.84,54467
2013-05-23,13.9,13.97,13,13,13,50522
2013-05-26,13,13.1,12.8,12.99,12.99,77536
2013-05-27,13.1,13.3,13.05,13.3,13.3,72369
2013-05-28,13.25,13.3,13.18,13.18,13.18,1151039
2013-05-29,13.18,13.28,13.06,13.24,13.24,338334
2013-05-30,13.3,14,13.2,14,14,2569974
2013-06-04,14,14,13.92,14,14,68450
2013-06-05,13.95,14.5,13.82,14.5,14.5,123617
2013-06-06,14.6,14.75,14.6,14.71,14.71,206771
2013-06-09,14.71,14.75,14.55,14.7,14.7,28249
2013-06-10,14.7,14.78,14.7,14.75,14.75,45125
2013-06-11,14.72,14.89,14.72,14.89,14.89,65256
2013-06-12,14.9,15.1,14.89,14.99,14.99,120029
2013-06-13,14.98,15.26,14.98,15.17,15.17,1229371
2013-06-16,15.15,15.3,15.15,15.3,15.3,182377
2013-06-17,15.52,16.1,15.52,15.8,15.8,189362
2013-06-18,15.93,16.040001,15.9,15.99,15.99,204859
2013-06-19,16.1,16.1,15.7,16,16,181097
2013-06-20,15.93,16,15.5,15.8,15.8,100768
2013-06-23,16,16.299999,16,16.299999,16.299999,106417
2013-06-24,16.25,16.25,15.45,15.5,15.5,37139
2013-06-25,15.5,15.5,15.1,15.4,15.4,53787
2013-06-26,15.45,16,15.45,15.95,15.95,58772
2013-06-27,16,16.15,15.85,16.15,16.15,38044
2013-06-30,16,16.25,16,16.209999,16.209999,30568
2013-07-01,16.25,16.450001,16.25,16.4,16.4,40912
2013-07-02,16.49,16.75,16.4,16.75,16.75,99054
2013-07-03,16.9,17.559999,16.9,17.49,17.49,242538
2013-07-04,17.57,18.4,17.57,18.34,18.34,204552
2013-07-07,18.379999,18.9,18.35,18.790001,18.790001,130227
2013-07-08,18.860001,18.879999,16.73,17.4,17.4,376385
2013-07-09,17.5,18.049999,17.5,17.799999,17.799999,86482
2013-07-10,17.99,17.99,17.549999,17.549999,17.549999,108818
2013-07-11,17.540001,17.540001,16.75,16.950001,16.950001,133171
2013-07-14,16.950001,16.99,16.120001,16.700001,16.700001,60580
2013-07-15,16.65,16.700001,15.4,15.74,15.74,138882
2013-07-16,15.69,16,14.5,15.6,15.6,298429
2013-07-17,15.86,16.700001,15.85,16.379999,16.379999,294866
2013-07-18,16.49,17.25,16.49,17,17,440403
2013-07-21,17.139999,17.51,17,17.389999,17.389999,70675
2013-07-22,17.42,18.1,17.42,18.1,18.1,146745
2013-07-23,18,18.059999,17.42,17.940001,17.940001,93453
2013-07-24,17.610001,17.93,17.610001,17.9,17.9,87737
2013-07-25,17.9,17.92,17.700001,17.889999,17.889999,72893
2013-07-28,17.700001,17.700001,17.450001,17.6,17.6,39734
2013-07-29,17.6,17.6,17.42,17.5,17.5,83188
2013-07-30,17.309999,17.32,16.85,17.299999,17.299999,64139
2013-07-31,17.18,17.200001,16.200001,17.1,17.1,64686
2013-08-01,17.1,17.200001,16.950001,17.09,17.09,68270
2013-08-04,16.950001,17.200001,16.9,17,17,40276
2013-08-05,16.92,16.92,16.35,16.5,16.5,24141
2013-08-06,16.5,16.700001,16.209999,16.450001,16.450001,126457
2013-08-07,16.450001,16.5,16.200001,16.379999,16.379999,69623
2013-08-08,16.190001,16.190001,15.55,16,16,146118
2013-08-11,16,16.24,15.7,16.24,16.24,40247
2013-08-12,16.200001,16.25,16,16.049999,16.049999,44354
2013-08-13,16.030001,16.200001,16.030001,16.200001,16.200001,62773
2013-08-14,16.200001,16.200001,16.01,16.200001,16.200001,12506
2013-08-15,16,16,15.79,16,16,28849
2013-08-18,15.9,16,15.9,16,16,59183
2013-08-19,16,16.120001,15.81,16.120001,16.120001,39167
2013-08-20,16.049999,16.049999,15.99,16,16,57073
2013-08-21,15.98,16.120001,15.82,16.120001,16.120001,54902
2013-08-22,16.049999,16.049999,15.98,16,16,50248
2013-08-25,15.95,15.99,15.7,15.73,15.73,36170
2013-08-26,15.7,15.7,15.2,15.58,15.58,117730
2013-08-27,15.45,15.58,15.15,15.56,15.56,94959
2013-08-28,15.35,15.8,15.35,15.8,15.8,35672
2013-08-29,15.8,17,15.8,16.799999,16.799999,86797
2013-09-01,16.799999,17.35,16.799999,17.299999,17.299999,94170
2013-09-02,17.219999,17.5,17.219999,17.450001,17.450001,53105
2013-09-03,17.459999,17.700001,17.450001,17.67,17.67,66070
2013-09-04,18,18.049999,17.700001,18.02,18.02,128431
2013-09-05,18,18.15,17.799999,18.02,18.02,130034
2013-09-08,18.049999,18.049999,17.790001,18.049999,18.049999,45212
2013-09-09,18.049999,18.15,18.040001,18.049999,18.049999,55843
2013-09-10,18.200001,18.4,18.15,18.4,18.4,56261
2013-09-11,18.450001,18.5,18.25,18.48,18.48,36807
2013-09-12,18.450001,18.530001,18.4,18.530001,18.530001,78411
2013-09-15,18.530001,18.9,18.530001,18.82,18.82,83303
2013-09-16,18.85,19.1,18.82,19.059999,19.059999,109498
2013-09-17,19.059999,19.23,18.82,18.99,18.99,54524
2013-09-18,19,19.16,18.99,19.16,19.16,42395
2013-09-19,19.200001,19.299999,19.07,19.15,19.15,47714
2013-09-22,19.1,19.1,18.549999,18.9,18.9,34997
2013-09-23,18.9,19,18.9,19,19,53803
2013-09-24,19,19.1,18.68,19,19,45300
2013-09-25,19,19,18.93,18.950001,18.950001,13307
2013-09-26,18.99,18.99,18.93,18.99,18.99,16720
2013-09-29,18.99,19,18.799999,18.959999,18.959999,31990
2013-09-30,18.9,18.969999,18.809999,18.969999,18.969999,18834
2013-10-01,18.92,19,18.92,19,19,40178
2013-10-02,19,19,18.9,18.9,18.9,21782
2013-10-03,18.85,18.85,18.65,18.700001,18.700001,21638
2013-10-06,18.700001,18.74,18.65,18.719999,18.719999,350375
2013-10-07,18.65,18.65,18.459999,18.51,18.51,233085
2013-10-08,18.52,18.52,17.6,18,18,125001
2013-10-09,18.01,18.049999,17.940001,17.950001,17.950001,37340
2013-10-10,17.950001,17.950001,17.950001,17.950001,17.950001,0
2013-10-13,19.450001,19.9,19.299999,19.700001,19.700001,450123
2013-10-14,19.889999,20.6,19.889999,20.58,20.58,762811
2013-10-15,20.799999,22.940001,20.75,22.1,22.1,718164
2013-10-16,22.799999,25.290001,22.799999,25.200001,25.200001,809448
2013-10-17,25.299999,27.200001,25.299999,27,27,733504
2013-10-20,27,27.299999,26,26.5,26.5,352959
2013-10-22,26.5,29.6,26.389999,29.549999,29.549999,873068
2013-10-23,29.700001,29.700001,28.299999,29,29,315639
2013-10-24,29,29,28.1,28.700001,28.700001,346897
2013-10-28,28.700001,28.700001,27.799999,27.9,27.9,602399
2013-10-29,27.889999,28.200001,27.889999,28,28,530085
2013-10-30,27.9,28,27,28,28,292542
2013-10-31,27.799999,29.700001,27.6,29.5,29.5,398792
2013-11-03,29,30.129999,28.549999,30.129999,30.129999,562219
2013-11-04,30.309999,33.900002,30.309999,33.150002,33.150002,749984
2013-11-05,34.52,37.299999,34.52,37.299999,37.299999,710752
2013-11-06,39.5,41.5,34,34,34,996454
2013-11-07,31,36.5,31,35.209999,35.209999,408892
2013-11-10,36,36,34.5,35,35,142287
2013-11-11,34.549999,35.349998,34.5,35.200001,35.200001,417633
2013-11-12,35.25,36.080002,35.25,35.849998,35.849998,450242
2013-11-13,35.84,36.689999,35.5,36.099998,36.099998,122665
2013-11-14,35.5,36.380001,35.5,36.299999,36.299999,123508
2013-11-17,36.029999,36.25,35.900002,36,36,71694
2013-11-18,36,36.099998,35.25,36,36,87612
2013-11-19,36,36,35.349998,35.66,35.66,54855
2013-11-20,34.990002,35.299999,33,34.799999,34.799999,330880
2013-11-21,34.700001,35.450001,34.700001,35.450001,35.450001,280240
2013-11-24,35.450001,35.799999,35.25,35.599998,35.599998,71747
2013-11-25,35.650002,35.650002,33,33,33,556059
2013-11-26,33.599998,34,33.299999,34,34,114786
2013-11-27,34,35,34,34.799999,34.799999,193260
2013-11-28,34.900002,35,34.470001,34.470001,34.470001,32346
2013-12-01,34.25,34.459999,33.509998,33.509998,33.509998,28191
2013-12-02,33.580002,33.580002,32.849998,33.349998,33.349998,136089
2013-12-03,33,33.200001,31,31.51,31.51,306199
2013-12-04,30,30.809999,29,30.5,30.5,523372
2013-12-05,30,30.4,29.9,30.25,30.25,213444
2013-12-08,30,32,30,32,32,187030
2013-12-09,32,33.02,32,33,33,113706
2013-12-10,33,33.790001,32.700001,33.509998,33.509998,63990
2013-12-11,33.52,34.099998,32.700001,33.310001,33.310001,112968
2013-12-12,33.299999,33.5,32.700001,33,33,344589
2013-12-15,32.700001,33,32.02,33,33,50281
2013-12-16,32.950001,33,32.169998,32.169998,32.169998,26199
2013-12-17,32,32.5,31.52,32.189999,32.189999,46220
2013-12-18,32.25,33,32.02,32.25,32.25,23122
2013-12-19,32.25,32.450001,32.23,32.299999,32.299999,49593
2013-12-22,32.400002,33,32.299999,32.990002,32.990002,72816
2013-12-23,33,33.200001,32.799999,33.200001,33.200001,41919
2013-12-26,33,33.700001,32.799999,33.150002,33.150002,71522
2013-12-29,33,33,32.700001,32.900002,32.900002,27815
2013-12-30,32.5,32.5,31.700001,32.299999,32.299999,41062
2014-01-02,32.299999,32.900002,32.299999,32.599998,32.599998,38216
2014-01-05,32.549999,33.099998,32.099998,33.099998,33.099998,38214
2014-01-06,33.200001,34.5,33.200001,34,34,123060
2014-01-07,34.450001,36.560001,34.450001,36.560001,36.560001,275111
2014-01-08,37.5,39.810001,37.080002,39.25,39.25,535089
2014-01-09,39.5,39.950001,39.110001,39.950001,39.950001,245730
2014-01-12,39.950001,39.98,39,39.950001,39.950001,141585
2014-01-13,39.849998,40,39.599998,39.990002,39.990002,125177
2014-01-14,40,42.98,40,42.349998,42.349998,127966
2014-01-15,42.5,43.299999,38,41.25,41.25,122897
2014-01-16,41.189999,42.360001,41,41.799999,41.799999,67948
2014-01-19,41.950001,42.349998,41.509998,41.939999,41.939999,62091
2014-01-20,41.950001,42.380001,41.549999,42.380001,42.380001,109744
2014-01-21,42.310001,43.189999,42.310001,43.189999,43.189999,114662
2014-01-22,43,43.299999,42.59,42.59,42.59,70229
2014-01-23,42.400002,42.400002,41.049999,41.799999,41.799999,122087
2014-01-26,40,41,39.200001,40,40,81887
2014-01-27,40.009998,42,39.799999,41.450001,41.450001,194684
2014-01-28,41.5,42.099998,41.5,41.990002,41.990002,357055
2014-01-29,41.939999,41.950001,40.099998,40.75,40.75,99245
2014-01-30,41.009998,41.5,41,41.490002,41.490002,115156
2014-02-02,41.099998,41.099998,39.509998,39.509998,39.509998,86077
2014-02-03,37.799999,38,36.700001,37.799999,37.799999,303795
2014-02-04,38,39,37.799999,38.75,38.75,174840
2014-02-06,38.75,41,38.75,40.009998,40.009998,108384
2014-02-09,40.099998,41,39.5,39.5,39.5,43198
2014-02-10,39.5,40.400002,39.5,40,40,34491
2014-02-11,40.009998,41.5,39.900002,39.900002,39.900002,148745
2014-02-12,40,40.830002,38.889999,40.150002,40.150002,120388
2014-02-13,39.98,40.139999,39.490002,40.139999,40.139999,37161
2014-02-16,40,40,39.849998,40,40,46201
2014-02-17,40,40,39.490002,39.790001,39.790001,31803
2014-02-18,39.5,39.700001,39.200001,39.599998,39.599998,66584
2014-02-19,39.5,40.150002,39.200001,39.98,39.98,268999
2014-02-20,40,40.189999,39.799999,39.799999,39.799999,223274
2014-02-23,39.5,40.080002,39.5,39.950001,39.950001,237476
2014-02-24,40,40.5,39.759998,40.5,40.5,142815
2014-02-25,40.400002,40.400002,39.900002,40,40,45694
2014-02-26,40,40.490002,39.5,40.139999,40.139999,112808
2014-02-27,40.130001,40.150002,39.810001,40.150002,40.150002,65574
2014-03-02,40.099998,41.5,40,41.5,41.5,123934
2014-03-03,41.450001,42,41,42,42,189307
2014-03-04,42.5,42.900002,42.209999,42.619999,42.619999,158267
2014-03-05,43.25,45.990002,43.25,44.490002,44.490002,415277
2014-03-06,44.599998,45,44.5,44.790001,44.790001,362490
2014-03-09,43.5,45,43.5,44.98,44.98,239682
2014-03-10,44.900002,44.970001,44.5,44.75,44.75,354750
2014-03-11,44.700001,44.700001,43.599998,43.650002,43.650002,332029
2014-03-12,43.650002,43.650002,42.799999,42.98,42.98,309409
2014-03-13,42.400002,42.400002,41,41.939999,41.939999,183263
2014-03-16,41.5,42.5,41.200001,42.049999,42.049999,204887
2014-03-17,42.900002,43.689999,42.900002,43.610001,43.610001,203447
2014-03-18,43.900002,44.5,43.900002,44.450001,44.450001,175579
2014-03-19,44.5,45.099998,44.25,44.5,44.5,211051
2014-03-20,44.5,44.799999,43.450001,43.450001,43.450001,2704843
2014-03-23,43.450001,44.080002,43.400002,44,44,127041
2014-03-24,44,44.200001,43.5,44.02,44.02,191738
2014-03-25,43.5,44,43.450001,43.450001,43.450001,292615
2014-03-26,42.990002,42.990002,40.599998,41,41,211453
2014-03-27,41,41.099998,38.009998,40,40,371886
2014-03-30,40,40,39.32,39.349998,39.349998,150673
2014-03-31,39.5,40,39.009998,39.150002,39.150002,244332
2014-04-01,39,39,37.900002,38,38,822619
2014-04-02,37.5,37.5,36.099998,37.200001,37.200001,594546
2014-04-03,38,39,37.200001,37.799999,37.799999,170834
2014-04-06,36.400002,37,35.310001,35.599998,35.599998,392002
2014-04-07,32,32.02,29.5,31.5,31.5,566788
2014-04-08,32.5,33,31.6,32.099998,32.099998,931261
2014-04-09,33,34,32.900002,33.099998,33.099998,445998
2014-04-10,31.5,31.74,29.799999,31.35,31.35,428741
2014-04-13,30.200001,30.5,29,29.299999,29.299999,309765
2014-04-14,29.4,30,28,28.450001,28.450001,317571
2014-04-15,29,29.049999,28,28.049999,28.049999,248417
2014-04-16,28.450001,29,28.25,29,29,483751
2014-04-21,29,31.35,29,31.309999,31.309999,373965
2014-04-22,32,33.5,32,32.299999,32.299999,236788
2014-04-23,33,33,31.82,31.9,31.9,328637
2014-04-27,31.9,31.9,30,30.25,30.25,206701
2014-04-28,30,30.6,29.76,29.99,29.99,195519
2014-04-29,33,33.5,31,31.65,31.65,578708
2014-04-30,32.5,32.700001,31,31.190001,31.190001,181663
2014-05-01,31.450001,31.950001,31.17,31.950001,31.950001,341496
2014-05-04,32.23,32.23,31.049999,31.35,31.35,108618
2014-05-05,31.360001,31.360001,30.799999,30.9,30.9,44136
2014-05-06,30.35,30.83,29.5,30.34,30.34,212982
2014-05-07,30.4,30.75,29.950001,30.25,30.25,186558
2014-05-08,30.01,30.299999,30,30.200001,30.200001,57185
2014-05-11,30.02,30.65,30.02,30.620001,30.620001,49204
2014-05-12,31.5,32,31,31.4,31.4,202486
2014-05-13,31.5,32,31.4,31.85,31.85,108560
2014-05-14,33.549999,34,32.599998,32.779999,32.779999,1409987
2014-05-15,32.200001,32.34,31.610001,32.200001,32.200001,513274
2014-05-18,32.110001,33,32.110001,32.400002,32.400002,46594
2014-05-19,32.549999,32.700001,31.549999,32.299999,32.299999,246886
2014-05-20,31.91,32.650002,31.43,32.5,32.5,238223
2014-05-21,32.599998,32.599998,32.099998,32.23,32.23,197738
2014-05-22,32.200001,32.59,31.950001,32.59,32.59,257206
2014-05-25,32.540001,32.540001,32,32.299999,32.299999,109967
2014-05-26,32.299999,32.299999,32.099998,32.240002,32.240002,123292
2014-05-27,32.240002,33.200001,32.240002,32.549999,32.549999,485681
2014-05-28,32.599998,32.66,32.25,32.66,32.66,125761
2014-05-29,32.25,32.740002,31.51,32,32,6989657
2014-06-02,32,32,31,31.15,31.15,903267
2014-06-03,32,32,30.049999,30.059999,30.059999,268151
2014-06-04,30,30.15,29.299999,29.799999,29.799999,549876
2014-06-05,29.799999,29.9,29.309999,29.41,29.41,191751
2014-06-08,29.559999,29.559999,29.299999,29.42,29.42,163300
2014-06-09,29.700001,29.700001,29.299999,29.4,29.4,140528
2014-06-10,29.4,29.6,29.01,29.6,29.6,259672
2014-06-11,29.6,30,29.190001,29.799999,29.799999,191312
2014-06-12,29.5,29.5,29.139999,29.15,29.15,31602
2014-06-15,29.299999,29.5,29.139999,29.309999,29.309999,42702
2014-06-16,29.35,29.4,29.15,29.299999,29.299999,46177
2014-06-17,29.25,29.459999,28.51,29,29,123737
2014-06-18,29,29.01,28.52,28.799999,28.799999,83426
2014-06-19,28.799999,28.799999,27.950001,27.950001,27.950001,533382
2014-06-22,28,28,25.700001,25.9,25.9,347887
2014-06-23,25.5,25.879999,23,25.92,25.92,446992
2014-06-24,27,27.5,25.5,25.620001,25.620001,239602
2014-06-25,25.9,26.049999,25.700001,25.9,25.9,163292
2014-06-26,25.799999,26.389999,25.799999,26,26,111013
2014-06-29,25.51,26.129999,25.01,25.99,25.99,244693
2014-06-30,25.629999,25.809999,25.030001,25.75,25.75,200502
2014-07-01,25,26.33,25,26,26,164498
2014-07-02,26,26.33,25.99,26.200001,26.200001,191043
2014-07-03,26.1,26.780001,26,26.780001,26.780001,47316
2014-07-06,26.780001,26.780001,25.889999,26.5,26.5,200558
2014-07-07,26.02,26.18,25.75,26.01,26.01,81559
2014-07-08,25.799999,25.799999,24.700001,25,25,112444
2014-07-09,25.4,25.700001,25.1,25.65,25.65,68632
2014-07-10,25.6,25.6,24.75,24.75,24.75,43434
2014-07-13,25,25.5,24.9,25.25,25.25,426759
2014-07-14,25.25,25.4,25.1,25.4,25.4,109301
2014-07-15,25.49,25.700001,25.4,25.700001,25.700001,84830
2014-07-16,25.709999,26,24.5,24.5,24.5,66696
2014-07-17,24,24.5,23.4,23.5,23.5,213841
2014-07-20,23.549999,24.99,23.5,23.549999,23.549999,122299
2014-07-21,23.99,24.200001,23.6,23.91,23.91,49026
2014-07-22,23.6,23.85,23.15,23.5,23.5,105670
2014-07-23,23.76,24.91,23.76,24.5,24.5,81736
2014-07-24,24.5,25.950001,24.5,25.9,25.9,81739
2014-07-27,25.9,26.4,25.15,26.4,26.4,151184
2014-07-28,26.83,26.9,26.200001,26.200001,26.200001,163278
2014-07-29,26.1,26.1,25.41,25.610001,25.610001,58068
2014-07-30,25.700001,25.940001,25.299999,25.41,25.41,159699
2014-07-31,24.780001,25,24.110001,24.299999,24.299999,130528
2014-08-03,24.4,24.4,24.15,24.309999,24.309999,44824
2014-08-04,24.309999,25,24.309999,25,25,32773
2014-08-05,24.32,24.32,23.9,23.9,23.9,134709
2014-08-06,23.610001,23.799999,23.5,23.77,23.77,109257
2014-08-07,23.700001,23.700001,23.4,23.6,23.6,162044
2014-08-10,23.57,23.700001,22.5,22.709999,22.709999,100332
2014-08-11,22.610001,23.219999,22.610001,23.219999,23.219999,71667
2014-08-12,22.9,22.9,22.25,22.299999,22.299999,57282
2014-08-13,22,22.190001,21,21.5,21.5,71482
2014-08-14,21.59,21.6,20.15,20.17,20.17,365213
2014-08-17,20.51,21.5,20.51,21.299999,21.299999,171615
2014-08-18,22.299999,23.27,22,23,23,133757
2014-08-19,23,23.9,22.799999,23.65,23.65,123716
2014-08-20,22.99,23.799999,22.700001,23.51,23.51,161105
2014-08-21,23.02,23.75,23.02,23.75,23.75,123900
2014-08-24,23.74,25.139999,23.559999,25,25,217411
2014-08-25,24.9,25.5,24.65,25.4,25.4,288832
2014-08-26,25.5,25.549999,25.299999,25.5,25.5,67765
2014-08-27,25.5,25.5,25.25,25.35,25.35,18079
2014-08-28,25.27,25.450001,24.99,25.200001,25.200001,172660
2014-08-31,25.299999,25.6,24.799999,24.799999,24.799999,66185
2014-09-01,24.799999,25,24.5,24.620001,24.620001,34478
2014-09-02,24.57,24.65,23.99,24,24,169389
2014-09-03,24,24.200001,23.75,24,24,104562
2014-09-04,24,24,23.25,23.4,23.4,52937
2014-09-07,23.4,23.469999,23.25,23.4,23.4,32662
2014-09-08,23.360001,23.360001,22.92,23.030001,23.030001,77963
2014-09-09,23,23.030001,22.950001,23.02,23.02,17737
2014-09-10,22.950001,23.15,22.799999,22.959999,22.959999,40206
2014-09-11,22.450001,22.450001,20.99,21.1,21.1,1054004
2014-09-14,20.879999,21,20.040001,20.040001,20.040001,311903
2014-09-15,20.040001,21,20,21,21,264947
2014-09-16,21.110001,22,21.110001,21.35,21.35,183126
2014-09-17,21.5,21.719999,21.209999,21.209999,21.209999,114564
2014-09-18,21.5,21.52,21.4,21.4,21.4,101813
2014-09-21,21.51,21.950001,21.450001,21.700001,21.700001,23446
2014-09-22,21.83,21.83,21.059999,21.299999,21.299999,36105
2014-09-23,21.299999,21.299999,20.85,21,21,78584
2014-09-24,21,21.110001,20.540001,21.09,21.09,528562
2014-09-25,20.549999,20.9,20.459999,20.65,20.65,312804
2014-09-28,21,21.26,20.99,21,21,79982
2014-09-29,21.35,21.6,21.1,21.6,21.6,46862
2014-09-30,21.4,21.51,21,21.459999,21.459999,287106
2014-10-01,21.299999,21.5,21.25,21.4,21.4,113676
2014-10-02,21.299999,21.440001,21.299999,21.33,21.33,111386
2014-10-05,21.450001,21.65,21.440001,21.540001,21.540001,26048
2014-10-06,21.540001,21.67,21.450001,21.5,21.5,218838
2014-10-07,21.200001,21.200001,21.02,21.16,21.16,65829
2014-10-08,21.25,21.549999,20.799999,20.950001,20.950001,552128
2014-10-09,20.799999,20.799999,19.15,19.15,19.15,328185
2014-10-12,18.4,18.4,17.75,17.950001,17.950001,218537
2014-10-13,16.75,17.799999,16.75,17.5,17.5,584193
2014-10-14,17.549999,17.950001,17.440001,17.75,17.75,125102
2014-10-15,17.5,17.5,16.9,16.959999,16.959999,459226
2014-10-16,16.969999,17.15,16.75,17.049999,17.049999,294280
2014-10-19,17.09,17.09,16.01,16.049999,16.049999,290058
2014-10-20,15.5,16.34,15,15.9,15.9,998387
2014-10-21,16.049999,17.120001,16.049999,16.76,16.76,1128450
2014-10-22,17,17,16.26,16.450001,16.450001,663355
2014-10-23,16.98,17,16.290001,16.290001,16.290001,327272
2014-10-27,16.290001,16.629999,16.1,16.15,16.15,621879
2014-10-28,16.190001,16.540001,16.030001,16.15,16.15,336352
2014-10-29,16.139999,16.139999,15.75,15.85,15.85,167155
2014-10-30,15.8,15.94,15.6,15.85,15.85,307758
2014-11-02,16.01,16.379999,16.01,16.200001,16.200001,237636
2014-11-03,16.299999,16.73,16.299999,16.299999,16.299999,263163
2014-11-04,16.299999,16.58,16.299999,16.5,16.5,296394
2014-11-05,16.58,17.379999,16.549999,16.93,16.93,259744
2014-11-06,17.75,18.1,16.5,17.52,17.52,446550
2014-11-09,18,19.02,17.780001,18.620001,18.620001,389136
2014-11-10,18.91,18.99,17.629999,17.700001,17.700001,269323
2014-11-11,18.299999,18.299999,17.6,17.6,17.6,225863
2014-11-12,17.790001,17.790001,17.25,17.35,17.35,145000
2014-11-13,17.549999,17.549999,17.1,17.1,17.1,190451
2014-11-16,17.1,17.200001,17.049999,17.15,17.15,75659
2014-11-17,17.5,18,17.5,17.5,17.5,88082
2014-11-18,17.6,17.85,17.5,17.5,17.5,219465
2014-11-19,17.5,17.799999,16.799999,17.049999,17.049999,163923
2014-11-20,16.799999,17.360001,16.799999,17.1,17.1,444234
2014-11-23,17.1,17.1,16.799999,17.049999,17.049999,398191
2014-11-24,17.190001,17.59,17,17,17,5894836
2014-11-25,17,17.4,17,17.1,17.1,155039
2014-11-26,17.15,17.200001,17,17.110001,17.110001,160648
2014-11-27,17.120001,17.120001,16.98,16.98,16.98,238616
2014-11-30,17.049999,17.049999,16.75,16.85,16.85,180641
2014-12-01,16.9,16.9,16.35,16.35,16.35,155668
2014-12-02,16.34,16.6,16.25,16.4,16.4,95347
2014-12-03,16.4,16.5,16.25,16.35,16.35,1429795
2014-12-04,16.35,16.5,16.280001,16.5,16.5,147917
2014-12-07,16.450001,16.549999,16.26,16.49,16.49,42299
2014-12-08,16.389999,16.389999,16,16.25,16.25,118253
2014-12-09,16.25,16.5,16.190001,16.200001,16.200001,48745
2014-12-10,16.200001,16.450001,15.8,15.99,15.99,259691
2014-12-11,16,16.48,15.99,16.48,16.48,47836
2014-12-14,16.389999,16.389999,16,16,16,36094
2014-12-15,16.1,16.1,15.8,15.8,15.8,81682
2014-12-16,15.85,15.93,15.65,15.75,15.75,130533
2014-12-17,15.85,16,15.5,15.5,15.5,52207
2014-12-18,15.45,15.75,15.4,15.45,15.45,277845
2014-12-21,15.4,15.72,15.25,15.25,15.25,114627
2014-12-22,15.55,15.7,15.5,15.7,15.7,160212
2014-12-23,15.7,15.7,15.59,15.6,15.6,48976
2014-12-28,15.7,16.25,15.59,16.25,16.25,122434
2014-12-29,16.25,16.25,16,16.07,16.07,10904
2014-12-30,16.200001,16.200001,16,16.15,16.15,25476
2015-01-04,16.15,16.48,16,16.48,16.48,42533
2015-01-05,16.299999,16.4,16.1,16.209999,16.209999,45352
2015-01-06,16.030001,16.200001,16.030001,16.15,16.15,105645
2015-01-07,16.23,16.309999,16.23,16.309999,16.309999,27074
2015-01-08,16.4,16.5,16.290001,16.4,16.4,89217
2015-01-11,16.35,16.43,16.200001,16.299999,16.299999,44077
2015-01-12,16.4,16.4,16.139999,16.200001,16.200001,39655
2015-01-13,16.139999,16.24,16.1,16.1,16.1,157577
2015-01-14,16,16.07,16,16.07,16.07,198036
2015-01-15,16.24,16.24,16.1,16.1,16.1,401665
2015-01-18,16.25,16.25,16.17,16.18,16.18,225707
2015-01-19,16.18,16.23,16.049999,16.1,16.1,178563
2015-01-20,16.1,16.1,15.93,16.040001,16.040001,648964
2015-01-21,16.040001,16.200001,16,16,16,566962
2015-01-22,16.08,16.34,16.08,16.26,16.26,718915
2015-01-25,16.299999,16.299999,15.95,16,16,217450
2015-01-26,15.96,15.97,15.85,15.9,15.9,130892
2015-01-27,15.9,15.9,15.8,15.85,15.85,82348
2015-01-28,15.84,15.89,15.65,15.65,15.65,77999
2015-01-29,15.66,15.68,15.33,15.64,15.64,141276
2015-02-01,15.75,16,15.75,16,16,103126
2015-02-02,16.059999,16.33,16.059999,16.200001,16.200001,97510
2015-02-03,16.299999,16.299999,16,16.120001,16.120001,875261
2015-02-04,16.200001,16.200001,16,16.1,16.1,20285
2015-02-08,16.1,16.1,16,16.1,16.1,124360
2015-02-09,16.1,16.15,16.049999,16.07,16.07,27215
2015-02-10,16.07,16.25,16.059999,16.1,16.1,245247
2015-02-11,16.059999,16.209999,16.059999,16.16,16.16,351242
2015-02-12,16.18,16.299999,16.18,16.200001,16.200001,2579198
2015-02-15,16.200001,16.4,16.200001,16.4,16.4,92163
2015-02-16,16.450001,16.59,16.33,16.4,16.4,55012
2015-02-17,16.4,17.290001,16.4,17.27,17.27,162646
2015-02-18,17.35,19.18,17.35,18.82,18.82,138100
2015-02-19,19.200001,20.5,19,19.700001,19.700001,178875
2015-02-22,20,20.4,19.799999,20.049999,20.049999,101869
2015-02-23,20,20.049999,18.25,18.25,18.25,122784
2015-02-24,21.549999,23.200001,21.5,23,23,681377
2015-02-25,23.299999,25.25,23,25,25,385311
2015-02-26,25,25,24,24.700001,24.700001,635522
2015-03-01,24.65,24.65,24.200001,24.4,24.4,246009
2015-03-02,24.200001,24.6,24.200001,24.6,24.6,228005
2015-03-03,24.5,24.5,23.700001,24.200001,24.200001,314515
2015-03-04,24.059999,24.389999,23.5,24.25,24.25,136891
2015-03-05,24.01,24.75,24.01,24.690001,24.690001,161676
2015-03-08,24.200001,24.200001,23.93,23.950001,23.950001,121502
2015-03-09,23.9,24.4,23.5,24.4,24.4,65755
2015-03-10,24,24.25,23.75,24.25,24.25,32908
2015-03-11,24.1,24.360001,23.9,24.35,24.35,95814
2015-03-12,24.75,25.76,24.75,25.6,25.6,109589
2015-03-15,25.48,26.49,25.48,25.549999,25.549999,60366
2015-03-16,25.450001,25.450001,24.51,24.809999,24.809999,137986
2015-03-17,24.530001,24.98,24.25,24.49,24.49,313696
2015-03-18,24.49,24.799999,24.4,24.459999,24.459999,158622
2015-03-19,24.459999,24.610001,24.309999,24.4,24.4,90406
2015-03-22,24.48,24.540001,24.309999,24.5,24.5,171192
2015-03-23,24.48,24.48,24.190001,24.200001,24.200001,94330
2015-03-24,24.1,24.700001,24.049999,24.5,24.5,690826
2015-03-25,24.4,24.450001,23.700001,24.4,24.4,266228
2015-03-26,24.049999,24.799999,24.049999,24.799999,24.799999,147764
2015-03-29,24.5,24.6,24.1,24.299999,24.299999,162389
2015-03-30,24.299999,24.5,24,24.1,24.1,62702
2015-03-31,24,24,23.58,23.6,23.6,551101
2015-04-01,23.610001,24,23.549999,24,24,529201
2015-04-06,24,24.48,23.91,24.200001,24.200001,154293
2015-04-07,24.200001,24.26,24.18,24.200001,24.200001,39825
2015-04-08,24.08,24.25,23.969999,24,24,702282
2015-04-09,24.1,24.139999,23.950001,23.99,23.99,220847
2015-04-12,23.9,24,23.9,24,24,201623
2015-04-13,23.99,24,23.9,23.99,23.99,96248
2015-04-14,24,24,23.799999,23.799999,23.799999,18742
2015-04-15,23.9,24,23.809999,23.99,23.99,117625
2015-04-16,23.99,24,23.77,23.889999,23.889999,77392
2015-04-19,23.5,23.5,23,23.120001,23.120001,78193
2015-04-20,23.1,23.5,23.049999,23.4,23.4,57316
2015-04-21,23.4,23.4,22.809999,23.1,23.1,36128
2015-04-22,23,23.49,22.809999,23,23,77084
2015-04-23,23,23,20.5,20.85,20.85,469125
2015-04-27,20.85,20.85,20,20.65,20.65,218436
2015-04-28,20.799999,21.200001,20.65,20.65,20.65,239411
2015-04-29,20.9,20.9,19.530001,19.9,19.9,145795
2015-04-30,19.75,19.75,19.41,19.75,19.75,42205
2015-05-03,19.700001,20,19.6,19.6,19.6,41417
2015-05-04,19.5,20.190001,19.49,20.049999,20.049999,92214
2015-05-05,19.99,19.99,19.379999,19.450001,19.450001,97698
2015-05-06,19.5,19.5,18.799999,19.15,19.15,33463
2015-05-07,19,19.459999,18.58,19.299999,19.299999,38743
2015-05-10,19.4,19.84,19.4,19.549999,19.549999,19436
2015-05-11,19.700001,19.83,19.299999,19.48,19.48,28306
2015-05-12,19.5,19.9,19.5,19.6,19.6,14045
2015-05-13,19.9,19.9,19.469999,19.52,19.52,183014
2015-05-14,19.65,20.309999,19.65,20.209999,20.209999,318547
2015-05-17,20.17,20.5,20.15,20.35,20.35,206051
2015-05-18,20.5,20.5,20.01,20.01,20.01,89509
2015-05-19,20.15,20.15,20.01,20.040001,20.040001,10255
2015-05-20,20.040001,20.389999,20.040001,20.15,20.15,26845
2015-05-21,20,20.559999,20,20.52,20.52,102927
2015-05-24,20.49,20.49,19.950001,20.200001,20.200001,112543
2015-05-25,20.200001,20.48,20.1,20.450001,20.450001,10913
2015-05-26,20.450001,20.450001,20.120001,20.280001,20.280001,26267
2015-05-27,20.280001,20.280001,19.99,19.99,19.99,87602
2015-05-28,20.1,20.5,20.09,20.5,20.5,287989
2015-06-01,20.5,20.65,20.25,20.6,20.6,194256
2015-06-02,20.6,21,20.299999,20.4,20.4,52070
2015-06-03,20.4,20.43,20.35,20.35,20.35,101132
2015-06-04,20.299999,20.370001,20.059999,20.299999,20.299999,231672
2015-06-07,20.35,20.35,20,20.1,20.1,69680
2015-06-08,20.1,20.1,19.780001,20,20,53973
2015-06-09,19.950001,19.950001,19.82,19.85,19.85,69043
2015-06-10,19.85,20,19.700001,19.700001,19.700001,54086
2015-06-11,19.700001,19.700001,19,19.15,19.15,45227
2015-06-14,19.15,19.15,18.85,18.969999,18.969999,448270
2015-06-15,18.9,19.16,18.9,19.15,19.15,1431765
2015-06-16,19.01,19.24,19.01,19.190001,19.190001,18551
2015-06-17,19.15,19.450001,19.01,19.450001,19.450001,83424
2015-06-18,19.43,19.440001,19.01,19.01,19.01,128924
2015-06-21,19.01,19.18,19.01,19.18,19.18,26304
2015-06-22,19.049999,19.09,18.98,19,19,31696
2015-06-23,18.950001,18.950001,18.75,18.889999,18.889999,13331
2015-06-24,18.33,18.9,18.33,18.9,18.9,70193
2015-06-25,18.700001,18.799999,18.700001,18.799999,18.799999,30242
2015-06-28,18.34,18.360001,17.84,18.049999,18.049999,47942
2015-06-29,17.860001,18.23,17.799999,18.049999,18.049999,503667
2015-06-30,18.1,18.24,18.1,18.18,18.18,163974
2015-07-01,18.219999,18.68,18.190001,18.68,18.68,83711
2015-07-02,18.799999,18.84,18.49,18.549999,18.549999,49965
2015-07-05,18.700001,18.700001,18.26,18.26,18.26,2205
2015-07-06,18.200001,18.360001,17.6,17.65,17.65,240744
2015-07-07,17.65,18,17.049999,17.049999,17.049999,105896
2015-07-08,16.799999,17.299999,16.65,17,17,99312
2015-07-09,17.5,17.99,17.15,17.15,17.15,170924
2015-07-12,17.15,17.65,17,17.059999,17.059999,66280
2015-07-13,17.209999,17.65,17.1,17.200001,17.200001,68350
2015-07-14,17.200001,17.35,17.120001,17.190001,17.190001,95636
2015-07-15,17.25,17.379999,17.200001,17.200001,17.200001,104803
2015-07-16,17.219999,17.57,17.219999,17.5,17.5,158976
2015-07-19,17.5,17.6,17.5,17.6,17.6,193032
2015-07-20,17.65,17.65,17.5,17.549999,17.549999,32493
2015-07-21,17.6,17.950001,17.6,17.950001,17.950001,43849
2015-07-22,18,18.9,18,18.200001,18.200001,274058
2015-07-23,18.27,18.35,18.25,18.35,18.35,89361
2015-07-26,18.35,18.35,18.129999,18.15,18.15,24255
2015-07-27,18.139999,18.139999,17.549999,17.719999,17.719999,78839
2015-07-28,17.700001,18.040001,17.700001,17.959999,17.959999,29087
2015-07-29,18,18.09,18,18.01,18.01,92814
2015-07-30,18.049999,18.049999,17.700001,17.700001,17.700001,148081
2015-08-02,17.6,17.85,17.549999,17.549999,17.549999,33838
2015-08-03,17.559999,17.57,17.200001,17.4,17.4,108238
2015-08-04,17.309999,17.57,17.309999,17.4,17.4,67665
2015-08-05,17.5,17.5,17.299999,17.299999,17.299999,37870
2015-08-06,17.4,17.4,17.17,17.17,17.17,39834
2015-08-09,17.15,17.15,16.76,16.83,16.83,41381
2015-08-10,16.790001,17.02,16.530001,16.780001,16.780001,115360
2015-08-11,16.780001,16.780001,16.24,16.24,16.24,67974
2015-08-12,16.299999,16.620001,16.299999,16.35,16.35,35077
2015-08-13,16.299999,16.799999,16.08,16.08,16.08,119567
2015-08-16,16.200001,16.219999,16.120001,16.139999,16.139999,57190
2015-08-17,16.139999,16.139999,15.7,15.8,15.8,45746
2015-08-18,15.8,15.8,15.01,15.24,15.24,62623
2015-08-19,15.15,15.51,15.15,15.21,15.21,59772
2015-08-20,15.21,15.21,15.01,15.01,15.01,60447
2015-08-23,14.7,14.7,13.8,13.8,13.8,121243
2015-08-24,12.78,13.9,12.7,13.9,13.9,496075
2015-08-25,14.5,14.5,13.59,13.7,13.7,419143
2015-08-26,14.5,14.5,13.88,13.88,13.88,91827
2015-08-27,14.3,14.67,14,14.25,14.25,103768
2015-08-30,14.5,14.9,13.9,13.9,13.9,153546
2015-08-31,14.2,14.2,13.76,13.9,13.9,121485
2015-09-01,13.65,13.99,13.4,13.7,13.7,114375
2015-09-02,14.02,14.1,13.56,13.56,13.56,85594
2015-09-03,13.65,14,13.5,13.5,13.5,145451
2015-09-06,13.4,13.61,13.4,13.6,13.6,53532
2015-09-07,13.6,14.21,13.6,13.87,13.87,51446
2015-09-08,14.22,14.65,14.15,14.2,14.2,34749
2015-09-09,14.35,14.48,14.2,14.28,14.28,104963
2015-09-10,14.4,14.5,14.17,14.25,14.25,88862
2015-09-13,14.25,14.31,14.01,14.01,14.01,32018
2015-09-14,14.12,14.12,13.8,13.8,13.8,27299
2015-09-15,13.9,13.9,13.8,13.8,13.8,30773
2015-09-16,13.8,14,13.65,13.7,13.7,34343
2015-09-17,13.7,13.99,13.3,13.3,13.3,420727
2015-09-20,13.5,14.38,13.5,14.35,14.35,257796
2015-09-21,14.37,14.48,14.3,14.47,14.47,85997
2015-09-22,14.4,14.5,14,14.15,14.15,145529
2015-09-23,14.14,14.6,14.14,14.3,14.3,85546
2015-09-24,14.5,15.1,14.5,14.55,14.55,72171
2015-09-27,14.5,15.2,14.5,15.1,15.1,68769
2015-09-28,15,15.2,14.88,15,15,226398
2015-09-29,15,15.25,14.81,15,15,292705
2015-09-30,15.08,15.2,14.9,14.99,14.99,211909
2015-10-01,15,15.1,14.97,14.99,14.99,285780
2015-10-04,15.02,15.04,14.96,15,15,11429
2015-10-05,15,15.5,15,15.3,15.3,408443
2015-10-06,15.3,16,15.3,15.97,15.97,32391
2015-10-07,16,16.940001,16,16.5,16.5,99524
2015-10-08,16.85,16.9,16,16,16,90425
2015-10-11,16.02,16.1,16,16.02,16.02,305384
2015-10-12,16,16.1,15.5,15.8,15.8,58718
2015-10-13,15.7,16,15.7,15.96,15.96,30120
2015-10-14,15.88,15.88,15.8,15.8,15.8,11769
2015-10-15,15.96,15.96,15.8,15.94,15.94,32361
2015-10-18,15.96,16.040001,15.95,16.01,16.01,289584
2015-10-19,16,16.25,16,16,16,250790
2015-10-20,16.18,16.219999,15.69,15.99,15.99,110220
2015-10-21,16,16,15.7,15.99,15.99,17521
2015-10-22,16.1,16.200001,15.73,16,16,69700
2015-10-26,16.1,16.200001,15.61,15.89,15.89,135661
2015-10-27,15.8,15.8,15.6,15.75,15.75,79215
2015-10-28,15.73,15.73,15.5,15.5,15.5,55528
2015-10-29,15.52,16,15.52,15.99,15.99,125154
2015-11-01,15.99,16,15.95,16,16,64649
2015-11-02,16,16.85,16,16.700001,16.700001,102123
2015-11-03,17,17.76,17,17.75,17.75,230502
2015-11-04,18.129999,18.35,17.65,18.24,18.24,143143
2015-11-05,18.5,19.549999,18.24,19.32,19.32,172129
2015-11-08,19.5,20.299999,19.5,19.860001,19.860001,309809
2015-11-09,20,20,19.620001,19.799999,19.799999,230495
2015-11-10,19.84,19.969999,19.799999,19.85,19.85,99172
2015-11-11,19.85,19.879999,19.52,19.85,19.85,65394
2015-11-12,19.690001,19.75,19.25,19.549999,19.549999,104961
2015-11-15,19.299999,19.299999,18.559999,18.799999,18.799999,49086
2015-11-16,18.85,19.299999,18.85,19.299999,19.299999,79594
2015-11-17,19,19.950001,19,19.889999,19.889999,78179
2015-11-18,19.9,20.280001,19.9,20.25,20.25,210608
2015-11-19,20.110001,20.6,20.110001,20.52,20.52,73218
2015-11-22,20.5,21.950001,20.5,21.9,21.9,616791
2015-11-23,21.950001,22.4,21.799999,21.799999,21.799999,113916
2015-11-24,21.940001,21.940001,20.5,20.879999,20.879999,84463
2015-11-25,20.5,20.75,20.5,20.57,20.57,2543307
2015-11-26,20.5,20.620001,20,20.1,20.1,79216
2015-11-29,20,20,19,19.15,19.15,177648
2015-11-30,19.200001,19.25,18.9,19.059999,19.059999,256406
2015-12-01,19.049999,19.07,18.860001,18.99,18.99,147437
2015-12-02,18.799999,18.799999,18,18.15,18.15,114296
2015-12-03,18.139999,18.950001,18,18.950001,18.950001,86248
2015-12-06,18.799999,19.1,18.200001,18.27,18.27,371844
2015-12-07,18.27,18.27,17.870001,18.049999,18.049999,84943
2015-12-08,18.049999,18.75,18,18.469999,18.469999,106205
2015-12-09,18.469999,18.5,18.01,18.1,18.1,87915
2015-12-10,18.1,18.299999,17.950001,18,18,151820
2015-12-13,17.9,17.9,17.709999,17.75,17.75,40470
2015-12-14,17.76,17.84,17.1,17.129999,17.129999,69983
2015-12-15,17.5,17.959999,17.5,17.65,17.65,131699
2015-12-16,17.65,17.9,17.559999,17.799999,17.799999,95450
2015-12-17,17.799999,17.9,17.610001,17.9,17.9,87607
2015-12-20,17.65,18.190001,17.65,17.950001,17.950001,192705
2015-12-21,17.58,18.5,17.58,18.5,18.5,67368
2015-12-22,18.209999,18.84,18.209999,18.75,18.75,87758
2015-12-23,18.5,18.950001,18.25,18.950001,18.950001,25459
2015-12-27,18.5,18.950001,18.25,18.950001,18.950001,50918
2015-12-28,18.99,19.58,18.74,19.58,19.58,31403
2015-12-29,19.65,19.799999,19.219999,19.799999,19.799999,48974
2015-12-30,19.799999,19.799999,19.299999,19.799999,19.799999,14806
2016-01-04,19.799999,19.799999,18.549999,18.700001,18.700001,55021
2016-01-05,18.77,19,18.4,18.889999,18.889999,35148
2016-01-06,18.889999,18.9,18.02,18.1,18.1,28619
2016-01-07,18,18,17.209999,17.5,17.5,48490
2016-01-10,17.77,17.77,17.02,17.02,17.02,94309
2016-01-11,17.049999,17.440001,16.98,16.98,16.98,272559
2016-01-12,16.82,17.27,16.82,17.200001,17.200001,54532
2016-01-13,16.98,16.98,16.290001,16.290001,16.290001,45082
2016-01-14,16.799999,16.9,16.5,16.540001,16.540001,76201
2016-01-17,16.200001,16.4,16.1,16.290001,16.290001,63904
2016-01-18,16.4,16.4,16.290001,16.309999,16.309999,128307
2016-01-19,16.4,16.9,16.4,16.59,16.59,203834
2016-01-20,16.450001,16.75,16.23,16.75,16.75,45070
2016-01-21,17.01,17.01,16.4,16.530001,16.530001,53947
2016-01-24,16.530001,17.4,16.530001,17.4,17.4,136882
2016-01-25,17.4,17.4,16.799999,16.799999,16.799999,42387
2016-01-26,17.200001,17.34,17,17,17,16372
2016-01-27,16.73,17.15,16.73,17.09,17.09,61942
2016-01-28,16.809999,17.200001,16.790001,16.790001,16.790001,85367
2016-01-31,16.780001,16.780001,16.5,16.6,16.6,283698
2016-02-01,16.57,16.6,16.360001,16.5,16.5,114524
2016-02-02,16.309999,16.309999,16.18,16.18,16.18,190071
2016-02-03,16.299999,16.299999,16.030001,16.18,16.18,68209
2016-02-04,16.02,16.4,16.02,16.25,16.25,617165
2016-02-08,16.02,16.4,15.05,15.1,15.1,848399
2016-02-09,15.33,15.35,14.51,14.51,14.51,320288
2016-02-10,14.79,14.85,14,14,14,247182
2016-02-11,14,14.05,13.5,13.5,13.5,374135
2016-02-14,14,15,13.3,13.51,13.51,260524
2016-02-15,14,14.38,14,14.35,14.35,111459
2016-02-16,14.5,15,14.5,14.95,14.95,122101
2016-02-17,15,15.4,15,15.04,15.04,77392
2016-02-18,15.1,15.2,14.57,14.6,14.6,52921
2016-02-21,14.9,15,14.61,14.71,14.71,39297
2016-02-22,14.75,15.26,14.75,15.25,15.25,43192
2016-02-23,15.3,15.45,15.01,15.01,15.01,61488
2016-02-24,15.01,15.28,14.75,14.8,14.8,105795
2016-02-25,14.85,15,14.75,14.75,14.75,34444
2016-02-28,15,15,14.98,15,15,57292
2016-02-29,14.94,15.05,14.85,14.85,14.85,52452
2016-03-01,15.15,15.2,14.98,15,15,239809
2016-03-02,15.1,15.16,15,15.08,15.08,154735
2016-03-03,15.08,15.16,15.05,15.05,15.05,286599
2016-03-06,15.15,15.15,15.02,15.05,15.05,193344
2016-03-07,15.15,15.62,15.15,15.58,15.58,440315
2016-03-08,15.5,15.7,15.49,15.6,15.6,590591
2016-03-09,15.6,15.97,15.6,15.88,15.88,65906
2016-03-10,15.94,15.94,15.77,15.8,15.8,223757
2016-03-13,15.9,16.1,15.8,15.9,15.9,211610
2016-03-14,15.9,16.030001,15.9,16,16,81940
2016-03-15,16,16,15.49,15.49,15.49,264420
2016-03-16,15.49,15.65,15.45,15.55,15.55,284690
2016-03-17,15.52,15.72,15.5,15.56,15.56,198241
2016-03-20,15.57,15.7,15.5,15.5,15.5,50726
2016-03-21,15.46,15.46,15.24,15.24,15.24,118757
2016-03-22,15.24,15.45,15.23,15.25,15.25,123879
2016-03-23,15.1,15.2,15.05,15.08,15.08,126041
2016-03-28,15.1,15.2,15,15,15,213404
2016-03-29,15.01,15.15,15,15.05,15.05,78810
2016-03-30,15.1,15.45,15.1,15.43,15.43,209331
2016-03-31,15.4,15.55,15.4,15.55,15.55,64342
2016-04-03,15.68,16.5,15.62,16.5,16.5,53134
2016-04-04,16.75,16.75,16.5,16.65,16.65,185910
2016-04-05,16.48,16.629999,16.280001,16.5,16.5,46185
2016-04-06,16.5,16.700001,16.450001,16.68,16.68,12776
2016-04-07,16.35,16.6,16.299999,16.450001,16.450001,98914
2016-04-10,16.34,16.450001,16.299999,16.35,16.35,32858
2016-04-11,16.360001,16.700001,16.360001,16.700001,16.700001,62388
2016-04-12,16.700001,17.41,16.700001,17.190001,17.190001,60651
2016-04-13,17.1,17.540001,17.1,17.5,17.5,48018
2016-04-14,17.469999,17.629999,17.450001,17.51,17.51,77102
2016-04-17,17.549999,17.75,17.450001,17.75,17.75,34407
2016-04-18,17.799999,17.85,17.41,17.450001,17.450001,22535
2016-04-19,17.200001,17.75,17.200001,17.620001,17.620001,103171
2016-04-20,17.5,17.9,17.5,17.75,17.75,57666
2016-04-21,17.65,17.65,17.5,17.5,17.5,81899
2016-04-25,17.65,17.65,17,17,17,165664
2016-04-26,17,17,16.5,16.5,16.5,64427
2016-04-27,16.51,16.51,16.209999,16.49,16.49,51288
2016-04-28,16.4,16.68,16.35,16.4,16.4,73158
2016-05-01,16.42,16.42,16.17,16.200001,16.200001,67348
2016-05-02,16.25,16.25,16.049999,16.049999,16.049999,60855
2016-05-03,16.1,16.1,15.49,15.49,15.49,66222
2016-05-04,15.5,15.5,15.24,15.24,15.24,107583
2016-05-05,15.25,15.8,15.2,15.8,15.8,268141
2016-05-08,15.8,15.88,15.5,15.6,15.6,87376
2016-05-09,15.65,15.69,15.58,15.62,15.62,149924
2016-05-10,16.110001,16.15,15.68,15.68,15.68,134790
2016-05-11,15.5,15.6,15.3,15.42,15.42,261270
2016-05-12,15.56,17,15.56,16.549999,16.549999,181316
2016-05-15,17,17.5,16.799999,17.42,17.42,175674
2016-05-16,17.5,17.99,17.450001,17.93,17.93,122714
2016-05-17,17.879999,17.879999,17.1,17.379999,17.379999,199912
2016-05-18,17.299999,17.41,16.889999,16.92,16.92,167576
2016-05-19,16.879999,17.1,16.26,17,17,160964
2016-05-22,17,17,16.299999,16.700001,16.700001,182294
2016-05-23,16.950001,17,16.309999,16.5,16.5,91395
2016-05-24,16.5,17.379999,16.5,16.950001,16.950001,114948
2016-05-25,16.950001,17.18,16.889999,17.01,17.01,90621
2016-05-26,17,17.5,17,17.5,17.5,111253
2016-05-29,17.530001,17.799999,17.49,17.51,17.51,59350
2016-05-30,17.51,17.99,17.51,17.99,17.99,156728
2016-05-31,17.799999,18.1,17.799999,18,18,197219
2016-06-01,18.01,18.700001,18.01,18.639999,18.639999,136161
2016-06-02,18.700001,19.139999,18.59,18.799999,18.799999,165685
2016-06-06,18.700001,19.139999,18.59,19.08,19.08,465047
2016-06-07,19.200001,19.549999,19.09,19.25,19.25,124678
2016-06-08,19,19.450001,18.969999,19.450001,19.450001,332473
2016-06-09,19.450001,19.6,19.450001,19.6,19.6,50026
2016-06-12,19.5,19.549999,19.200001,19.299999,19.299999,219950
2016-06-13,19.200001,19.209999,18.41,18.549999,18.549999,182013
2016-06-14,18.5,19,18.4,18.950001,18.950001,39711
2016-06-15,18.9,19.18,18.58,19.18,19.18,91233
2016-06-16,18.950001,19.049999,18.889999,18.9,18.9,145933
2016-06-19,19.049999,19.09,18.85,18.85,18.85,46668
2016-06-20,18.85,19.08,18.799999,18.799999,18.799999,29746
2016-06-21,18.950001,18.950001,18.219999,18.35,18.35,93128
2016-06-22,18.35,18.799999,18.35,18.5,18.5,134567
2016-06-23,18.5,18.65,17,17,17,107065
2016-06-26,17.01,17.809999,17.01,17.52,17.52,149457
2016-06-27,17.15,17.48,17.08,17.1,17.1,670270
2016-06-28,17.309999,18.1,17.309999,17.85,17.85,273001
2016-06-29,18.190001,18.34,18.08,18.200001,18.200001,46327
2016-06-30,18.299999,18.299999,17.85,17.85,17.85,209909
2016-07-03,17.65,18.25,17.65,17.950001,17.950001,55716
2016-07-04,17.9,18.48,17.9,18.18,18.18,33756
2016-07-05,18,18,17.65,17.799999,17.799999,46720
2016-07-06,17.799999,17.82,17.700001,17.700001,17.700001,68811
2016-07-07,17.85,17.85,17.610001,17.700001,17.700001,28498
2016-07-10,17.799999,18.139999,17.75,18.139999,18.139999,54744
2016-07-11,18.15,18.15,17.85,17.870001,17.870001,231982
2016-07-12,17.9,18.18,17.879999,17.99,17.99,47777
2016-07-13,17.879999,18.09,17.719999,17.719999,17.719999,56733
2016-07-14,17.799999,18.15,17.799999,17.99,17.99,55468
2016-07-17,18.1,18.200001,18,18.200001,18.200001,118868
2016-07-18,18.25,18.25,18.15,18.17,18.17,127765
2016-07-19,18.18,19.450001,18.16,18.799999,18.799999,107825
2016-07-20,19.49,19.49,19.32,19.469999,19.469999,89631
2016-07-21,19.469999,19.469999,19.139999,19.139999,19.139999,50386
2016-07-24,19.219999,19.98,19.219999,19.950001,19.950001,99399
2016-07-25,19.950001,20,19.780001,19.92,19.92,157064
2016-07-26,19.950001,20.16,19.9,19.940001,19.940001,131705
2016-07-27,19.9,19.9,19.5,19.58,19.58,56620
2016-07-28,19.65,19.940001,19.65,19.790001,19.790001,71186
2016-07-31,19.790001,19.950001,19.75,19.9,19.9,195032
2016-08-01,19.85,19.889999,19.68,19.68,19.68,41621
2016-08-02,19.65,19.9,19.5,19.9,19.9,83047
2016-08-03,19.700001,19.889999,19.6,19.799999,19.799999,68303
2016-08-04,19.83,20.09,19.82,20.09,20.09,86081
2016-08-07,20.059999,20.41,20.059999,20.290001,20.290001,143124
2016-08-08,20.290001,20.4,20.290001,20.299999,20.299999,41901
2016-08-09,20,20.209999,20,20.200001,20.200001,14330
2016-08-10,20.200001,20.200001,20.08,20.1,20.1,37274
2016-08-11,20.1,20.24,20.1,20.139999,20.139999,44319
2016-08-14,20.139999,20.25,20.110001,20.25,20.25,19942
2016-08-15,20.25,20.25,19.549999,19.719999,19.719999,59687
2016-08-16,19.73,20.1,19.73,20.1,20.1,99829
2016-08-17,20,20,19.940001,19.940001,19.940001,40661
2016-08-18,19.940001,19.950001,19.75,19.790001,19.790001,35129
2016-08-21,19.799999,19.9,19.799999,19.799999,19.799999,43783
2016-08-22,19.6,19.85,19.5,19.85,19.85,23200
2016-08-23,19.9,20,19.9,19.98,19.98,389529
2016-08-24,20,20.02,19.75,19.9,19.9,411434
2016-08-25,20,20,19.5,19.6,19.6,186291
2016-08-28,19.549999,19.719999,19.51,19.629999,19.629999,18898
2016-08-29,19.6,19.799999,19.6,19.65,19.65,18249
2016-08-30,19.700001,19.84,19.68,19.799999,19.799999,134319
2016-08-31,19.65,19.799999,19.65,19.76,19.76,94659
2016-09-01,19.75,19.809999,19.700001,19.809999,19.809999,16931
2016-09-04,19.75,19.950001,19.75,19.950001,19.950001,53837
2016-09-05,19.950001,20.01,19.82,20.01,20.01,39310
2016-09-06,20,20.389999,20,20.200001,20.200001,722438
2016-09-07,20.200001,20.200001,19.950001,20.09,20.09,53018
2016-09-08,19.99,20,19.950001,20,20,175573
2016-09-11,19.790001,19.790001,19,19.35,19.35,60831
2016-09-12,19.4,19.77,19.219999,19.33,19.33,128775
2016-09-13,19.15,19.26,19.15,19.26,19.26,171880
2016-09-14,19.26,19.4,19.200001,19.4,19.4,239196
2016-09-15,19.5,20,19.5,19.99,19.99,199300
2016-09-18,19.99,20,19.799999,20,20,225839
2016-09-19,19.98,20,19.85,20,20,316563
2016-09-20,20,20.1,19.959999,20.01,20.01,224679
2016-09-21,19.99,20,19.98,20,20,121247
2016-09-22,19.950001,19.99,19.5,19.9,19.9,22607
2016-09-25,19.950001,19.950001,19.9,19.92,19.92,61008
2016-09-26,19.9,19.9,19.16,19.299999,19.299999,91213
2016-09-27,19.299999,19.559999,19.299999,19.559999,19.559999,25253
2016-09-28,19.559999,19.709999,19.559999,19.709999,19.709999,12265
2016-09-29,19.700001,19.700001,19.35,19.35,19.35,69992
2016-10-02,19.25,19.5,19.25,19.5,19.5,63165
2016-10-03,19.299999,19.889999,19.299999,19.889999,19.889999,240322
2016-10-04,19.790001,19.860001,19.5,19.85,19.85,43937
2016-10-05,19.6,19.700001,19.35,19.35,19.35,282628
2016-10-06,19.299999,19.34,18.51,19,19,192457
2016-10-09,19.049999,19.049999,18.68,18.75,18.75,220968
2016-10-10,19,19,18.690001,18.690001,18.690001,131790
2016-10-11,18.530001,18.6,18.139999,18.17,18.17,45711
2016-10-12,18.139999,18.290001,17.549999,17.6,17.6,131520
2016-10-13,17.5,18,17.5,17.889999,17.889999,146619
2016-10-16,17.82,17.889999,17.49,17.5,17.5,181680
2016-10-17,17.700001,17.889999,17.700001,17.889999,17.889999,143294
2016-10-18,17.99,18.18,17.950001,18.09,18.09,25717
2016-10-19,18.110001,18.200001,17.99,18.09,18.09,76697
2016-10-20,18.209999,18.25,17.860001,18.09,18.09,48753
2016-10-24,18.209999,18.25,17.860001,18.07,18.07,99674
2016-10-25,18.07,18.07,17.879999,17.879999,17.879999,9167
2016-10-26,17.879999,18,17.809999,17.809999,17.809999,49753
2016-10-27,17.809999,17.84,17.719999,17.84,17.84,28349
2016-10-30,17.799999,17.82,17.41,17.76,17.76,45057
2016-10-31,17.700001,17.700001,17.049999,17.389999,17.389999,39524
2016-11-01,17.379999,17.379999,16.77,16.9,16.9,89642
2016-11-02,16.950001,17.450001,16.9,17.25,17.25,155476
2016-11-03,17.5,17.85,17.35,17.450001,17.450001,108927
2016-11-06,17.459999,17.76,17.459999,17.73,17.73,95968
2016-11-07,17.9,18.209999,17.9,18,18,103807
2016-11-08,18,18.299999,16.799999,16.950001,16.950001,110489
2016-11-09,17.75,18,17.5,17.73,17.73,68704
2016-11-10,17.6,17.65,17.59,17.620001,17.620001,56988
2016-11-13,17.700001,17.99,17.540001,17.700001,17.700001,37880
2016-11-14,17.9,17.9,17.450001,17.5,17.5,73537
2016-11-15,17.610001,17.99,17.610001,17.98,17.98,35111
2016-11-16,17.799999,18.15,17.799999,18.1,18.1,110191
2016-11-17,18.110001,18.49,18,18.25,18.25,55928
2016-11-20,18.26,18.5,18.049999,18.5,18.5,77784
2016-11-21,18.48,18.91,18.200001,18.91,18.91,82490
2016-11-22,18.84,18.84,18.700001,18.75,18.75,40784
2016-11-23,18.620001,18.709999,18.6,18.6,18.6,10784
2016-11-24,18.25,18.4,18.059999,18.200001,18.200001,18569
2016-11-27,18.299999,18.299999,18.01,18.01,18.01,29361
2016-11-28,18,18,17.5,17.85,17.85,233892
2016-11-29,17.5,17.9,17.5,17.82,17.82,75975
2016-11-30,17.799999,18.02,17.799999,17.85,17.85,118307
2016-12-01,17.75,17.75,17.49,17.59,17.59,62424
2016-12-04,17.52,17.559999,17.27,17.27,17.27,27694
2016-12-05,17.5,17.5,17.27,17.4,17.4,72580
2016-12-06,17.4,17.5,17.379999,17.5,17.5,53992
2016-12-07,17.6,17.639999,17.469999,17.639999,17.639999,51381
2016-12-08,17.639999,17.639999,17.309999,17.4,17.4,314597
2016-12-11,17.4,17.57,17.34,17.450001,17.450001,41775
2016-12-12,17.5,17.67,17.450001,17.5,17.5,89954
2016-12-13,17.5,17.5,17.299999,17.4,17.4,50787
2016-12-14,17.33,17.389999,17.26,17.299999,17.299999,127947
2016-12-15,17.299999,17.549999,17.26,17.450001,17.450001,93327
2016-12-18,17.5,17.5,17.4,17.4,17.4,62290
2016-12-19,17.5,17.59,17.5,17.549999,17.549999,97452
2016-12-20,17.549999,17.559999,17.459999,17.459999,17.459999,432019
2016-12-21,17.5,17.58,17.49,17.5,17.5,18583
2016-12-22,17.4,17.65,17.4,17.65,17.65,17819
2016-12-26,17.4,17.65,17.4,17.65,17.65,35638
2016-12-27,17.65,17.65,17.6,17.6,17.6,17299
2016-12-28,17.59,17.6,17.5,17.5,17.5,178379
2016-12-29,17.6,17.6,17.450001,17.5,17.5,300892
2017-01-03,17.6,17.75,17.450001,17.75,17.75,335546
2017-01-04,17.879999,18.15,17.85,18.15,18.15,34124
2017-01-05,18.15,18.280001,18.139999,18.280001,18.280001,10865
2017-01-08,18.52,18.549999,18.4,18.540001,18.540001,36608
2017-01-09,18.6,18.6,18.450001,18.549999,18.549999,56901
2017-01-10,18.549999,18.549999,18.139999,18.440001,18.440001,39460
2017-01-11,18.42,18.42,17.77,18.42,18.42,6816
2017-01-12,18.42,18.6,18.360001,18.6,18.6,79915
2017-01-15,18.42,18.450001,18.4,18.450001,18.450001,40061
2017-01-16,18.620001,18.620001,18.41,18.5,18.5,18414
2017-01-17,18.5,18.5,18.290001,18.32,18.32,81058
2017-01-18,18.32,18.75,18.25,18.75,18.75,25988
2017-01-19,18.75,18.790001,18.200001,18.75,18.75,63152
2017-01-22,18.75,18.75,18.700001,18.700001,18.700001,60053
2017-01-23,18.6,18.799999,18.6,18.799999,18.799999,117426
2017-01-24,18.799999,18.98,18.799999,18.9,18.9,32745
2017-01-25,18.9,18.950001,18.85,18.950001,18.950001,42126
2017-01-26,18.959999,19.1,18.959999,19.1,19.1,67229
2017-01-29,19.02,19.049999,18.9,18.950001,18.950001,36780
2017-01-30,18.700001,18.9,18.59,18.9,18.9,51565
2017-01-31,18.85,19.1,18.85,19.1,19.1,58366
2017-02-01,19.1,19.200001,19.1,19.200001,19.200001,53627
2017-02-02,19.18,19.299999,19.15,19.299999,19.299999,53783
2017-02-06,19.280001,19.280001,18.85,19,19,94269
2017-02-07,19.049999,19.09,18.940001,19.040001,19.040001,17237
2017-02-08,19.049999,19.1,18.950001,19.1,19.1,140160
2017-02-09,19,19.120001,19,19.08,19.08,269728
2017-02-12,19.08,19.08,19,19,19,36173
2017-02-13,18.860001,19.08,18.860001,19.08,19.08,96114
2017-02-14,19.07,19.1,19,19.08,19.08,96523
2017-02-15,19.02,19.08,18.99,19.08,19.08,258218
2017-02-16,19.15,19.15,19.02,19.08,19.08,16296
2017-02-19,19.040001,19.059999,19,19.049999,19.049999,9081
2017-02-20,19,19,18.799999,18.950001,18.950001,12461
2017-02-21,19,19,18.73,18.75,18.75,17051
2017-02-22,18.719999,18.98,18.700001,18.950001,18.950001,96563
2017-02-23,18.99,18.99,18.780001,18.85,18.85,51287
2017-02-26,18.75,18.799999,18.299999,18.709999,18.709999,23933
2017-02-27,18.700001,18.82,18.5,18.82,18.82,38921
2017-02-28,18.5,18.620001,18.309999,18.35,18.35,72562
2017-03-01,18.389999,18.629999,18.299999,18.6,18.6,99121
2017-03-02,18.450001,18.889999,18.450001,18.58,18.58,75999
2017-03-05,18.5,18.690001,18.5,18.66,18.66,43077
2017-03-06,18.66,18.700001,18.5,18.530001,18.530001,296180
2017-03-07,18.530001,18.700001,18.5,18.549999,18.549999,461348
2017-03-08,18.66,18.700001,18.6,18.690001,18.690001,46309
2017-03-09,18.690001,18.700001,18.52,18.65,18.65,37775
2017-03-12,18.67,18.700001,18.549999,18.6,18.6,30364
2017-03-13,18.6,18.98,18.6,18.98,18.98,723933
2017-03-14,18.98,19.32,18.940001,19.32,19.32,77638
2017-03-15,19.299999,19.540001,19.299999,19.540001,19.540001,79809
2017-03-16,19.6,19.65,19.549999,19.65,19.65,137240
2017-03-19,19.59,19.65,19.4,19.549999,19.549999,56735
2017-03-20,19.59,19.98,19.59,19.799999,19.799999,187226
2017-03-21,19.799999,19.799999,19.42,19.549999,19.549999,115149
2017-03-22,19.25,19.25,18.82,19,19,27511
2017-03-23,18.9,18.92,18.870001,18.92,18.92,25472
2017-03-26,19,19.200001,18.799999,18.799999,18.799999,17682
2017-03-27,18.799999,18.799999,18.620001,18.620001,18.620001,18314
2017-03-28,18.700001,18.85,18.629999,18.719999,18.719999,23291
2017-03-29,19.1,19.290001,18.99,19.290001,19.290001,313908
2017-03-30,19.33,19.790001,19.33,19.790001,19.790001,502235
2017-04-02,19.799999,19.799999,19.6,19.65,19.65,161690
2017-04-03,19.719999,19.9,19.709999,19.85,19.85,38083
2017-04-04,19.9,20,19.9,20,20,591123
2017-04-05,19.99,19.99,19.75,19.9,19.9,47978
2017-04-06,19.9,19.950001,19.67,19.950001,19.950001,43803
2017-04-09,19.889999,19.889999,19.68,19.75,19.75,37143
2017-04-10,19.68,19.73,19.5,19.690001,19.690001,55176
2017-04-11,19.75,19.950001,19.74,19.950001,19.950001,66366
2017-04-12,19.98,20.299999,19.950001,20.299999,20.299999,272276
2017-04-17,20.299999,20.4,20.1,20.389999,20.389999,248631
2017-04-18,20.35,20.5,20.35,20.5,20.5,284919
2017-04-19,20.5,20.6,20.41,20.6,20.6,235371
2017-04-20,20.549999,20.549999,20.5,20.52,20.52,253153
2017-04-23,20.530001,20.530001,20.440001,20.48,20.48,32743
2017-04-25,20.48,20.85,20.48,20.85,20.85,200282
2017-04-26,20.85,21.15,20.85,21.15,21.15,196723
2017-04-27,21.15,21.75,21.15,21.75,21.75,332165
2017-04-30,21.75,21.799999,21.5,21.68,21.68,258423
2017-05-01,21.719999,21.74,21.030001,21.690001,21.690001,58427
2017-05-02,21.700001,21.700001,21.51,21.549999,21.549999,137149
2017-05-03,21.51,21.549999,21.08,21.120001,21.120001,152196
2017-05-04,21.15,21.15,21,21,21,66646
2017-05-07,21.200001,21.440001,21.16,21.379999,21.379999,85035
2017-05-08,21.32,21.5,21.32,21.5,21.5,184567
2017-05-09,21.5,21.85,21.5,21.85,21.85,53336
2017-05-10,22.01,23.200001,22.01,23,23,706612
2017-05-11,23.01,23.450001,23,23.200001,23.200001,876113
2017-05-14,23.4,23.85,22.799999,23.200001,23.200001,3780243
2017-05-15,23.610001,24.549999,23.610001,24.049999,24.049999,984529
2017-05-16,24.110001,24.15,23.799999,23.85,23.85,555746
2017-05-17,23.6,23.6,23.17,23.200001,23.200001,301244
2017-05-18,23.200001,23.5,23,23.4,23.4,313881
2017-05-21,23.450001,23.73,23.450001,23.65,23.65,627463
2017-05-22,23.99,24.209999,23.450001,24,24,408832
2017-05-23,24.15,24.43,24.15,24.25,24.25,413667
2017-05-24,24.27,24.49,24.27,24.35,24.35,443618
2017-05-25,24.33,24.4,24.200001,24.360001,24.360001,198641
2017-05-28,24.48,24.48,24.200001,24.450001,24.450001,290215
2017-05-29,24.5,24.5,24.200001,24.450001,24.450001,217720
2017-05-30,24.450001,25,24.43,25,25,459738
2017-05-31,25,25.16,24.85,25.15,25.15,329753
2017-06-01,25.15,25.5,25.049999,25.5,25.5,178668
2017-06-05,25.5,26.32,25.5,26.1,26.1,267076
2017-06-06,26.01,26.360001,26,26.25,26.25,164099
2017-06-07,26.35,26.35,25.75,25.75,25.75,168348
2017-06-08,25.6,25.6,24.559999,24.879999,24.879999,110925
2017-06-11,24.969999,25,24.6,24.6,24.6,108413
2017-06-12,24.59,24.59,24,24,24,241530
2017-06-13,24.08,24.77,24.08,24.5,24.5,183684
2017-06-14,24.549999,24.889999,24.549999,24.75,24.75,77733
2017-06-15,24.360001,24.879999,24.360001,24.790001,24.790001,188152
2017-06-18,24.91,25.1,24.799999,25.1,25.1,108521
2017-06-19,25.299999,26,25.299999,25.9,25.9,225373
2017-06-20,25.75,25.75,25.16,25.299999,25.299999,75092
2017-06-21,25.32,26.15,25.32,26.02,26.02,116632
2017-06-22,26,26.200001,25.9,26.02,26.02,383678
2017-06-25,26,26,25.299999,25.969999,25.969999,97254
2017-06-26,25.969999,26.02,25.700001,25.849001,25.849001,53983
2017-06-27,25.799999,25.799999,25.6,25.650999,25.650999,100159
2017-06-28,26,26.15,25.68,25.9,25.9,83965
2017-06-29,25.5,25.709999,25.200001,25.200001,25.200001,92487
